flightTime,flightMode,stateShiranui3,stateBuzzer,pressure,temperature,altitude,descentCount,accelerationX,accelerationY,accelerationZ,gyroX,gyroY,gyroZ,yaw,pitch,roll,voltage33,voltage5,voltage12
0.10,1,0,0,102109.23,20.49,9.93,0,-0.57,0.86,6.68,1.10,0.61,-16.16,95.47,-4.42,20.06,3.30,4.86,12.15
0.12,1,0,0,102131.72,20.50,8.08,0,-0.11,0.48,7.18,-0.12,7.50,-7.74,95.43,-4.29,19.96,3.30,4.86,12.13
0.14,1,0,0,102100.63,20.50,10.64,0,-1.09,0.57,7.10,9.33,7.07,0.85,95.47,-4.15,19.96,3.29,4.87,12.17
0.16,1,0,0,102118.77,20.50,9.14,0,-0.43,0.76,8.25,3.29,-2.07,0.67,95.47,-4.13,19.90,3.30,4.87,12.17
0.19,1,0,0,102125.67,20.51,8.57,0,0.04,-0.54,8.17,-2.62,-9.51,2.20,95.47,-4.21,19.77,3.30,4.87,12.17
0.21,1,0,1,102135.16,20.51,7.79,1,-0.37,0.33,7.51,7.62,-6.65,6.10,95.51,-4.25,19.74,3.30,4.87,12.15
0.23,1,0,1,102123.95,20.50,8.72,0,-0.73,0.19,7.01,13.23,11.65,23.84,95.78,-4.17,19.76,3.30,4.87,12.20
0.26,1,0,1,102144.67,20.50,7.01,1,-0.45,0.64,7.27,23.54,4.45,38.78,96.17,-4.21,19.87,3.30,4.88,12.12
0.28,1,0,1,102123.95,20.50,8.72,0,-1.07,-0.10,5.92,-14.33,32.20,39.21,96.66,-3.98,19.60,3.30,4.87,12.18
0.30,1,0,1,102123.06,20.50,8.79,0,-2.42,0.53,7.19,31.65,-5.30,40.73,97.03,-4.07,19.83,3.30,4.86,12.15
0.32,1,0,1,102118.77,20.50,9.14,0,0.01,1.70,7.23,-2.80,1.16,34.21,97.36,-4.12,19.69,3.30,4.86,12.18
0.34,1,0,1,102129.13,20.50,8.29,1,0.75,1.28,7.98,-12.87,14.02,10.67,97.52,-4.04,19.44,3.30,4.86,12.18
0.36,1,0,1,102103.22,20.50,10.43,0,-0.38,-0.14,8.44,3.17,8.72,4.02,97.59,-3.94,19.36,3.30,4.85,12.18
0.38,1,0,1,102118.77,20.50,9.14,0,-0.97,0.09,8.39,10.61,-2.07,9.45,97.68,-3.93,19.37,3.30,4.87,12.17
0.40,1,0,1,102110.99,20.50,9.79,0,-1.05,0.52,7.37,-9.27,1.83,0.79,97.70,-3.85,19.19,3.30,4.87,12.15
0.42,1,0,0,102103.22,20.50,10.43,0,-0.33,-0.88,7.97,-3.48,17.38,2.62,97.79,-3.67,19.04,3.30,4.87,12.15
0.44,1,0,0,102098.88,20.51,10.79,0,-0.59,-0.14,8.35,8.54,-6.71,5.73,97.83,-3.71,19.02,3.30,4.87,12.17
0.47,1,0,0,102092.85,20.50,11.28,0,-0.22,0.06,8.04,4.27,-4.82,3.78,97.85,-3.74,18.96,3.30,4.86,12.18
0.49,1,0,0,102071.24,20.50,13.07,0,-0.34,0.12,8.51,6.16,-1.04,9.39,97.95,-3.75,18.91,3.30,4.86,12.18
0.51,1,0,0,102075.55,20.49,12.71,0,-0.26,-0.01,8.19,3.29,-3.66,3.11,97.97,-3.76,18.84,3.30,4.87,12.18
0.53,1,0,0,102061.76,20.50,13.85,0,-0.42,0.06,8.72,9.02,-5.91,8.23,98.04,-3.81,18.82,3.30,4.86,12.18
0.55,1,0,0,102055.70,20.50,14.35,0,-0.33,0.01,8.28,3.78,-5.30,6.22,98.08,-3.85,18.75,3.30,4.87,12.18
0.57,1,0,0,102060.02,20.51,14.00,0,-0.34,0.05,7.61,5.37,-4.02,9.51,98.17,-3.88,18.70,3.30,4.87,12.18
0.59,1,0,0,102048.80,20.50,14.92,0,-0.39,-0.01,8.46,4.33,-8.29,8.78,98.23,-3.95,18.64,3.30,4.86,12.13
0.61,1,0,0,102040.16,20.51,15.64,0,-0.35,0.06,8.00,7.01,-7.32,12.38,98.33,-4.03,18.60,3.30,4.87,12.17
0.63,1,0,0,102039.28,20.51,15.71,0,-0.36,0.13,7.89,3.72,-8.54,11.16,98.42,-4.10,18.53,3.30,4.87,12.05
0.65,1,0,0,102030.66,20.50,16.42,0,-0.29,-0.08,8.61,4.94,-7.38,12.56,98.52,-4.18,18.47,3.30,4.87,12.18
0.68,1,0,0,102016.83,20.50,17.57,0,-0.44,0.08,7.51,3.78,-9.33,14.15,98.64,-4.27,18.39,3.30,4.87,12.18
0.70,1,0,0,101992.64,20.51,18.92,0,-0.48,-0.01,7.96,4.21,-8.84,16.52,98.77,-4.37,18.33,3.30,4.87,12.17
0.72,1,0,0,101997.81,20.49,19.14,0,-0.35,-0.00,7.77,2.38,-10.61,17.20,98.91,-4.48,18.24,3.30,4.86,12.18
0.75,1,0,0,101989.20,20.50,19.42,0,-0.43,0.10,7.66,5.55,-11.65,19.82,99.07,-4.61,18.18,3.30,4.87,12.15
0.77,1,0,0,101978.84,20.50,20.71,0,-0.40,0.04,8.82,1.95,-9.27,19.15,99.23,-4.72,18.09,3.30,4.85,12.17
0.79,1,0,0,101981.43,20.50,22.21,0,-0.25,0.17,7.93,5.30,-11.59,22.32,99.42,-4.86,18.02,3.30,4.87,12.17
0.81,1,0,0,101968.48,20.50,21.56,0,-0.33,0.05,7.67,4.57,-12.44,24.39,99.62,-5.01,17.95,3.30,4.87,12.17
0.83,1,0,0,101942.56,20.50,22.85,0,-0.25,-0.20,6.40,8.11,-15.43,23.17,99.80,-5.20,17.91,3.30,4.86,12.17
0.85,1,0,0,101938.22,20.49,24.06,0,-0.58,-0.06,5.17,-2.80,-10.55,21.22,99.98,-5.30,17.78,3.30,4.87,12.17
0.87,1,0,0,101930.45,20.49,24.71,0,-0.36,-0.19,9.37,-0.61,-9.63,19.63,100.15,-5.42,17.65,3.30,4.86,12.18
0.89,1,0,0,101911.47,20.50,26.28,0,-0.51,0.13,10.35,2.56,-8.17,23.23,100.36,-5.52,17.56,3.30,4.87,12.18
0.91,1,0,0,101912.31,20.49,26.21,0,-0.60,0.18,5.31,0.91,-5.12,30.73,100.65,-5.59,17.45,3.30,4.86,12.18
0.93,1,0,0,101884.67,20.48,28.49,0,-0.51,-0.36,6.22,-9.15,-8.78,23.17,100.85,-5.70,17.25,3.30,4.87,12.23
0.95,1,0,0,101881.22,20.49,28.78,0,-0.19,0.06,8.61,6.95,-12.13,21.22,101.03,-5.83,17.20,3.30,4.87,12.17
0.98,1,0,0,101856.19,20.50,30.85,0,-0.40,-0.04,7.13,-4.27,-4.21,26.52,101.28,-5.90,17.03,3.30,4.87,12.18
1.00,1,0,0,101845.81,20.48,31.71,0,-0.51,-0.12,6.19,-9.02,-2.68,28.72,101.56,-5.96,16.82,3.29,4.86,12.17
1.02,1,0,0,101831.98,20.49,32.85,0,-0.29,0.11,7.11,-2.13,-4.27,24.82,101.80,-6.02,16.67,3.30,4.87,12.18
1.04,1,0,0,101811.25,20.48,34.57,0,-0.56,0.36,7.33,-5.61,-4.09,30.00,102.08,-6.08,16.50,3.30,4.87,12.17
1.06,1,0,0,101800.06,20.50,35.50,0,-0.47,0.06,6.99,0.37,-4.88,29.63,102.36,-6.15,16.38,3.30,4.87,12.17
1.08,1,0,0,101788.82,20.50,36.43,0,-0.29,0.04,6.16,-4.39,-0.91,28.84,102.65,-6.19,16.21,3.30,4.86,12.13
1.10,1,0,0,101764.63,20.49,38.43,0,-0.38,0.08,6.33,0.18,-1.46,27.38,102.92,-6.22,16.09,3.30,4.86,12.13
1.12,1,0,0,101759.44,20.49,38.86,0,-0.35,0.17,6.53,4.15,-2.13,31.77,103.23,-6.27,16.01,3.29,4.86,12.12
1.14,1,0,0,101731.81,20.48,41.15,0,-0.39,0.10,5.88,1.04,0.73,33.17,103.57,-6.30,15.89,3.30,4.86,12.15
1.16,1,0,0,101728.35,20.49,41.43,0,-0.42,-0.01,6.59,1.16,-0.18,31.89,103.88,-6.33,15.77,3.30,4.86,12.15
1.19,1,0,0,101710.22,20.49,42.94,0,-0.45,0.09,6.47,4.39,2.74,34.63,104.24,-6.33,15.69,3.30,4.86,12.15
1.21,1,0,1,101677.41,20.48,45.66,0,-0.41,-0.05,5.58,2.20,2.99,35.43,104.60,-6.34,15.58,3.30,4.86,12.02
1.23,1,0,1,101680.00,20.48,46.30,0,-0.32,-0.03,5.85,3.90,3.54,36.04,104.97,-6.35,15.48,3.30,4.87,12.04
1.25,1,0,1,101661.86,20.48,46.94,0,-0.41,-0.07,5.96,4.57,3.90,36.34,105.34,-6.35,15.39,3.29,4.86,12.04
1.28,1,0,1,101642.85,20.48,48.52,0,-0.38,0.04,5.36,3.54,4.33,38.48,105.74,-6.35,15.29,3.30,4.86,12.08
1.30,1,0,1,101640.27,20.49,48.73,0,-0.30,-0.00,5.63,3.41,4.21,38.48,106.13,-6.35,15.19,3.30,4.87,12.17
1.32,1,0,1,101623.00,20.48,50.16,0,-0.35,0.13,5.36,3.96,3.96,39.57,106.54,-6.35,15.10,3.30,4.87,12.18
1.34,1,0,1,101593.63,20.49,52.60,0,-0.24,0.12,5.63,4.33,5.37,43.84,106.99,-6.35,15.00,3.30,4.87,12.20
1.36,1,0,1,101581.55,20.48,53.60,0,-0.30,-0.01,4.98,2.93,4.33,44.94,107.45,-6.37,14.88,3.30,4.87,12.17
1.38,1,0,1,101566.00,20.48,54.89,0,-0.20,-0.04,5.80,5.06,5.55,43.60,107.89,-6.37,14.79,3.30,4.86,12.18
1.40,1,0,1,101567.72,20.49,54.96,0,-0.16,-0.07,5.11,3.78,4.27,44.33,108.35,-6.40,14.68,3.30,4.86,12.18
1.42,1,0,0,101559.95,20.49,55.39,0,-0.26,-0.13,5.59,4.02,2.87,42.13,108.78,-6.42,14.57,3.30,4.87,12.18
1.45,1,0,0,101546.99,20.49,57.33,0,-0.14,0.12,5.01,3.29,2.26,48.05,109.26,-6.46,14.46,3.30,4.86,12.18
1.47,1,0,0,101523.67,20.49,58.40,0,-0.22,-0.01,4.83,1.65,2.50,49.63,109.76,-6.50,14.32,3.30,4.87,12.18
1.49,1,0,0,101509.00,20.48,59.62,0,-0.22,0.02,4.54,1.65,-1.95,50.73,110.26,-6.59,14.19,3.30,4.87,12.18
1.51,1,0,0,101498.64,20.48,60.48,0,-0.11,-0.05,2.50,-0.06,-0.18,52.13,110.78,-6.66,14.04,3.30,4.87,12.18
1.53,1,0,0,101490.88,20.48,61.34,0,0.02,-0.04,2.08,0.67,-4.76,51.83,111.29,-6.79,13.88,3.30,4.87,12.18
1.55,1,0,0,101448.55,20.49,64.64,0,-0.15,0.08,1.70,0.24,-0.18,53.23,111.82,-6.84,13.74,3.30,4.87,12.17
1.57,1,0,0,101451.14,20.48,64.42,0,-0.08,0.02,1.57,-1.59,-2.80,54.70,112.36,-6.93,13.58,3.30,4.87,12.13
1.59,1,0,0,101417.45,20.49,67.22,0,-0.05,-0.03,1.52,-1.52,-5.37,55.73,112.90,-7.06,13.40,3.30,4.86,12.18
1.61,1,0,0,101394.14,20.48,69.16,0,-0.15,0.25,1.21,-1.89,-2.50,60.91,113.50,-7.11,13.29,3.30,4.86,12.18
1.63,1,0,0,101365.64,20.49,71.52,0,0.08,0.03,1.15,-1.10,-4.51,58.90,114.08,-7.26,13.10,3.30,4.86,12.18
1.65,1,0,0,101344.92,20.49,73.24,0,-0.14,0.10,1.10,-2.56,-4.63,56.16,114.62,-7.33,12.96,3.30,4.87,12.18
1.67,1,0,0,101323.34,20.50,75.04,0,-0.06,0.12,0.98,-2.68,-3.05,58.54,115.20,-7.39,12.80,3.30,4.86,12.18
1.70,1,0,0,101281.03,20.48,78.55,0,-0.05,-0.00,0.74,-1.16,-3.72,58.60,115.78,-7.49,12.63,3.30,4.87,12.04
1.72,1,0,0,101277.56,20.48,78.84,0,-0.06,0.06,0.61,-1.52,-2.68,60.06,116.37,-7.55,12.48,3.30,4.87,12.07
1.75,1,0,0,101247.35,20.48,81.35,0,-0.15,0.02,0.53,-0.30,-2.01,58.60,116.95,-7.59,12.36,3.30,4.86,12.05
1.77,1,0,0,101229.22,20.48,82.86,0,0.03,0.02,0.43,-0.30,-3.41,60.24,117.55,-7.71,12.17,3.30,4.87,12.04
1.79,1,0,0,101215.39,20.49,84.01,0,-0.05,0.04,0.24,-2.44,-2.07,60.24,118.14,-7.75,12.06,3.30,4.87,12.02
1.81,1,0,0,101180.88,20.48,86.88,0,-0.04,0.14,0.26,-0.79,-1.59,59.51,118.72,-7.81,12.05,3.30,4.87,12.12
1.83,1,0,0,101151.50,20.48,89.33,0,-0.24,0.20,0.13,-2.13,-2.80,59.15,119.29,-7.86,12.01,3.30,4.87,12.13
1.85,1,0,0,101146.32,20.48,89.76,0,-0.07,-0.06,0.19,-0.12,-2.32,61.40,119.90,-7.94,11.85,3.30,4.87,12.15
1.87,1,0,0,101125.59,20.48,91.48,0,-0.01,0.17,-0.11,-0.06,-2.26,58.05,120.45,-8.08,11.88,3.30,4.87,12.15
1.89,1,0,0,101096.22,20.49,93.93,0,0.09,0.05,-0.05,0.37,-2.13,60.37,121.04,-8.32,11.86,3.30,4.87,12.15
1.91,1,0,0,101075.50,20.49,95.65,0,-0.17,0.03,-0.07,-0.67,0.00,59.39,121.62,-8.33,11.80,3.30,4.87,12.12
1.93,1,0,0,101039.23,20.49,98.67,0,0.06,0.10,-0.08,1.04,-1.77,57.87,122.17,-8.53,11.83,3.30,4.87,12.12
1.96,1,0,0,101027.16,20.48,99.68,0,-0.09,-0.05,-0.44,0.43,2.68,56.22,122.72,-8.56,11.84,3.30,4.87,11.94
1.98,1,0,0,100996.08,20.48,102.27,0,-0.10,-0.02,-0.22,-0.37,-0.85,58.84,123.30,-8.59,11.79,3.30,4.87,11.89
2.00,1,0,0,100992.61,20.49,102.56,0,0.08,0.09,-0.20,0.00,-0.37,57.80,123.86,-8.78,11.79,3.30,4.87,11.89
2.02,1,0,0,100967.59,20.47,105.94,0,0.13,-0.06,-0.15,5.00,-1.04,55.43,124.41,-9.02,11.74,3.30,4.86,12.17
2.04,1,0,0,100932.20,20.47,107.59,0,-0.08,0.09,-0.17,0.61,2.62,58.35,124.97,-9.07,11.76,3.30,4.86,12.13
2.06,1,0,0,100917.50,20.48,109.47,0,-0.00,0.22,-0.35,2.74,1.77,59.02,125.54,-9.19,11.81,3.30,4.87,12.20
2.08,1,0,0,100905.41,20.48,109.83,0,-0.08,0.05,-0.04,2.62,-1.59,58.35,126.11,-9.24,11.82,3.30,4.87,12.17
2.10,1,0,0,100888.98,20.49,111.41,0,0.01,-0.09,-0.18,-0.30,0.73,56.04,126.68,-9.41,11.63,3.30,4.87,12.17
2.12,2,0,0,100873.45,20.49,112.49,0,0.03,0.07,-0.56,0.79,1.89,59.21,127.25,-9.57,11.64,3.30,4.87,12.18
2.14,2,0,0,100848.43,20.48,114.80,0,-0.02,0.04,-0.60,0.67,0.12,59.02,127.82,-9.74,11.65,3.30,4.86,12.17
2.16,2,0,0,100834.59,20.49,115.73,0,0.09,0.09,-0.39,1.89,-0.85,59.09,128.39,-9.94,11.66,3.30,4.87,12.18
2.19,2,0,0,100811.28,20.49,117.68,0,0.01,0.14,-0.30,0.30,-0.49,58.96,128.96,-10.10,11.67,3.30,4.87,12.18
2.21,2,0,1,100773.31,20.48,120.85,0,0.03,0.01,-0.29,0.85,-1.52,58.54,129.53,-10.32,11.65,3.30,4.88,12.18
2.23,2,0,1,100762.06,20.49,121.79,0,0.05,0.03,-0.33,1.46,-2.13,58.48,130.09,-10.54,11.64,3.30,4.86,12.18
2.26,2,0,1,100713.75,20.47,125.82,0,-0.00,0.11,-0.43,-0.98,-0.18,57.80,130.65,-10.70,11.63,3.30,4.86,12.13
2.28,2,0,1,100718.91,20.48,125.39,0,0.02,-0.02,-0.45,-0.12,-0.12,56.71,131.20,-10.91,11.59,3.30,4.87,12.13
2.30,2,0,1,100695.60,20.48,127.34,0,0.02,-0.04,-0.44,-2.07,-0.85,56.04,131.75,-11.13,11.52,3.30,4.86,12.18
2.32,2,0,1,100674.88,20.48,129.07,0,-0.03,0.05,-0.37,0.18,-1.77,57.20,132.29,-11.30,11.52,3.29,4.86,12.17
2.34,2,0,1,100641.20,20.48,131.88,0,0.03,0.06,-0.36,-0.18,-1.65,56.40,132.84,-11.49,11.50,3.30,4.87,12.18
2.36,2,0,1,100629.96,20.49,132.82,0,0.07,0.06,-0.29,-1.10,-2.44,55.55,133.37,-11.71,11.46,3.30,4.87,12.17
2.38,2,0,1,100594.59,20.48,135.78,0,-0.00,-0.02,-0.32,-0.55,-3.23,55.79,133.91,-11.94,11.41,3.30,4.87,12.18
2.40,2,0,1,100591.11,20.49,136.07,0,0.09,0.10,-0.37,-0.73,-3.48,56.16,134.45,-12.16,11.38,3.30,4.87,12.18
2.42,2,0,0,100562.61,20.49,138.45,0,0.01,0.06,-0.35,0.67,-3.41,56.40,134.98,-12.37,11.36,3.30,4.87,12.18
2.45,2,0,0,100538.45,20.50,140.47,0,0.02,-0.01,-0.36,-0.43,-3.54,55.61,135.52,-12.61,11.30,3.30,4.87,12.18
2.47,2,0,0,100512.55,20.50,142.64,0,0.05,0.06,-0.35,-0.79,-3.54,55.24,136.05,-12.83,11.26,3.30,4.87,12.18
2.49,2,0,0,100497.00,20.50,143.94,0,0.02,0.04,-0.40,-0.73,-3.54,54.63,136.57,-13.04,11.22,3.30,4.87,12.18
2.51,2,0,0,100465.06,20.50,146.61,0,0.06,0.03,-0.31,-0.67,-4.15,54.51,137.10,-13.28,11.16,3.30,4.86,12.18
2.53,2,0,0,100459.88,20.50,147.04,0,0.03,0.05,-0.29,-0.37,-4.09,54.39,137.62,-13.50,11.12,3.30,4.86,12.17
2.55,2,0,0,100421.89,20.50,150.22,0,0.01,0.05,-0.33,-0.37,-3.48,53.84,138.13,-13.71,11.08,3.30,4.87,12.20
2.57,2,0,0,100408.94,20.50,151.31,0,0.06,0.05,-0.32,-1.04,-3.48,52.62,138.64,-13.93,11.02,3.30,4.87,12.18
2.59,2,0,0,100386.48,20.49,153.19,0,-0.02,0.04,-0.27,-0.85,-3.41,52.44,139.14,-14.11,11.00,3.30,4.87,12.17
2.61,2,0,0,100375.27,20.50,154.12,0,-0.04,0.00,-0.34,-1.04,-2.74,52.87,139.65,-14.30,10.95,3.30,4.86,12.15
2.63,2,0,0,100345.91,20.50,156.58,0,0.04,0.06,-0.32,-0.61,-3.17,52.20,140.15,-14.51,10.90,3.30,4.86,12.17
2.66,2,0,0,100333.83,20.50,157.60,0,0.00,0.05,-0.37,-1.10,-2.74,51.34,140.64,-14.71,10.85,3.30,4.87,12.17
2.68,2,0,0,100293.25,20.49,161.00,0,-0.00,0.04,-0.39,-1.34,-1.95,50.85,141.13,-14.90,10.80,3.30,4.87,12.15
2.70,2,0,0,100269.94,20.49,162.95,0,-0.01,0.07,-0.44,-1.89,-1.52,50.00,141.61,-15.07,10.75,3.30,4.87,11.94
2.72,2,0,0,100253.54,20.50,164.32,0,0.04,0.05,-0.31,-1.83,-2.38,50.12,142.09,-15.26,10.68,3.29,4.87,11.94
2.75,2,0,0,100231.95,20.50,166.13,0,0.02,0.00,-0.35,-2.26,-1.28,49.82,142.58,-15.47,10.59,3.30,4.87,11.78
2.77,2,0,0,100221.59,20.50,167.00,0,-0.02,0.03,-0.39,-2.13,-0.79,49.63,143.06,-15.64,10.52,3.30,4.87,11.84
2.79,2,0,0,100200.01,20.49,168.81,0,0.03,0.03,-0.38,-1.89,-1.22,48.84,143.54,-15.83,10.44,3.30,4.87,11.79
2.81,2,0,0,100189.66,20.49,170.77,0,0.02,0.06,-0.39,-1.16,-1.28,49.33,144.02,-16.01,10.38,3.30,4.86,11.89
2.83,2,0,0,100157.71,20.50,172.36,0,0.02,0.03,-0.39,-1.34,-0.85,49.27,144.50,-16.20,10.30,3.30,4.86,11.97
2.85,2,0,0,100143.03,20.49,173.59,0,0.04,0.10,-0.38,-2.56,-0.24,48.96,144.98,-16.36,10.22,3.30,4.87,12.02
2.87,2,0,0,100122.28,20.51,175.33,0,-0.03,0.06,-0.39,-1.59,0.30,49.02,145.45,-16.50,10.16,3.30,4.87,12.00
2.89,2,0,0,100118.00,20.50,175.69,0,0.04,0.01,-0.35,-0.49,-0.67,49.15,145.94,-16.70,10.07,3.30,4.87,12.00
2.91,2,0,0,100087.78,20.50,178.23,0,0.02,0.02,-0.42,-1.04,0.06,49.57,146.43,-16.88,9.98,3.30,4.87,12.08
2.93,2,0,0,100061.88,20.50,180.40,0,0.03,0.08,-0.39,-0.55,-0.24,49.88,146.92,-17.05,9.91,3.30,4.86,12.07
2.96,2,0,0,100046.34,20.50,181.71,0,0.00,0.03,-0.40,-0.37,0.24,50.55,147.42,-17.22,9.83,3.30,4.87,12.07
2.98,2,0,0,100037.67,20.51,182.43,0,0.08,0.06,-0.41,0.12,0.49,50.67,147.92,-17.39,9.74,3.30,4.87,12.05
3.00,2,0,0,100004.91,20.50,185.18,0,0.05,0.02,-0.39,0.55,-0.79,50.67,148.43,-17.59,9.64,3.30,4.86,11.89
3.02,2,0,0,99998.00,20.49,185.76,0,0.06,0.01,-0.33,-0.06,-1.16,50.06,148.93,-17.79,9.53,3.30,4.86,11.91
3.04,2,0,0,99967.78,20.50,188.30,0,0.07,0.11,-0.36,-0.12,0.00,51.22,149.44,-17.95,9.45,3.30,4.85,12.10
3.06,2,0,0,99958.29,20.50,189.10,0,0.03,-0.01,-0.40,-1.52,0.12,50.98,149.95,-18.14,9.31,3.30,4.86,12.07
3.08,2,0,0,99929.80,20.50,191.50,0,0.05,0.01,-0.43,-0.61,0.30,50.79,150.47,-18.33,9.19,3.30,4.87,12.12
3.10,2,0,0,99916.85,20.50,192.58,0,0.04,-0.02,-0.40,-1.52,-0.43,49.70,150.97,-18.52,9.04,3.30,4.86,12.15
3.12,2,0,0,99895.27,20.50,194.40,0,0.04,0.01,-0.37,-2.01,0.30,51.34,151.49,-18.70,8.90,3.30,4.87,11.99
3.14,2,0,0,99882.33,20.50,195.48,0,0.02,-0.02,-0.34,-2.50,-0.18,51.40,152.02,-18.89,8.74,3.30,4.86,12.18
3.17,2,0,0,99875.41,20.50,196.07,0,0.09,0.02,-0.37,-2.93,-0.12,50.67,152.54,-19.07,8.58,3.30,4.87,12.17
3.19,2,0,0,99843.48,20.50,198.75,0,0.04,-0.01,-0.40,-2.74,0.73,50.79,153.06,-19.25,8.41,3.30,4.87,12.17
3.21,2,0,1,99829.63,20.51,199.92,0,0.08,-0.06,-0.37,-3.60,0.49,51.10,153.60,-19.44,8.19,3.30,4.87,12.17
3.23,2,0,1,99810.67,20.50,201.51,0,0.02,0.00,-0.39,-4.63,0.00,52.68,154.14,-19.62,8.00,3.30,4.87,12.18
3.26,2,0,1,99796.86,20.50,203.11,0,0.02,0.02,-0.44,-4.51,0.61,50.43,154.65,-19.78,7.83,3.30,4.85,12.18
3.28,2,0,1,99774.42,20.50,204.56,0,0.07,-0.03,-0.34,-4.82,-0.49,50.55,155.18,-19.97,7.61,3.30,4.87,12.12
3.30,2,0,1,99762.34,20.49,206.67,0,0.07,-0.01,-0.33,-4.88,-0.61,51.10,155.71,-20.15,7.40,3.30,4.86,12.18
3.32,2,0,1,99739.03,20.49,207.54,0,0.04,0.05,-0.39,-6.46,0.18,52.74,156.25,-20.32,7.20,3.30,4.87,12.18
3.34,2,0,1,99720.03,20.50,209.14,0,0.05,-0.02,-0.36,-6.04,0.30,50.37,156.78,-20.49,6.97,3.30,4.86,12.15
3.36,2,0,1,99694.97,20.51,211.25,0,0.07,-0.02,-0.32,-5.85,0.12,51.22,157.32,-20.66,6.73,3.30,4.87,12.18
3.38,2,0,1,99694.14,20.50,211.75,0,0.04,0.05,-0.41,-6.28,0.00,52.01,157.85,-20.82,6.53,3.30,4.87,12.18
3.40,2,0,1,99669.97,20.50,213.35,0,-0.01,0.03,-0.46,-6.52,1.22,51.77,158.38,-20.97,6.33,3.30,4.87,12.23
3.42,2,0,0,99652.70,20.50,214.81,0,0.06,0.03,-0.35,-7.07,0.37,50.55,158.90,-21.13,6.11,3.30,4.87,12.18
3.45,2,0,0,99643.17,20.51,215.61,0,0.02,0.01,-0.42,-6.28,0.49,51.71,159.44,-21.29,5.88,3.30,4.87,12.15
3.47,2,0,0,99615.59,20.50,217.93,0,0.04,0.07,-0.36,-6.59,0.49,51.52,159.97,-21.43,5.69,3.30,4.87,12.20
3.49,2,0,0,99597.41,20.51,219.47,0,0.07,0.00,-0.35,-6.89,0.18,50.00,160.49,-21.59,5.44,3.30,4.87,12.17
3.51,2,0,0,99587.96,20.50,220.26,0,0.08,0.05,-0.28,-6.52,1.22,50.37,161.02,-21.73,5.23,3.30,4.85,12.10
3.53,2,0,0,99572.42,20.50,221.57,0,0.08,0.09,-0.39,-5.79,0.98,51.65,161.55,-21.86,5.02,3.30,4.87,11.99
3.55,2,0,0,99559.48,20.50,222.66,0,0.06,0.08,-0.38,-6.34,0.49,49.76,162.06,-21.99,4.82,3.30,4.86,12.13
3.57,2,0,0,99533.58,20.50,224.85,0,-0.01,-0.03,-0.36,-7.26,0.67,49.51,162.59,-22.14,4.55,3.30,4.87,12.10
3.59,2,0,0,99517.19,20.50,226.23,0,0.06,0.05,-0.32,-6.34,0.98,50.55,163.12,-22.28,4.33,3.30,4.86,12.18
3.61,2,0,0,99494.73,20.50,228.12,0,0.04,0.02,-0.39,-5.67,1.40,49.51,163.64,-22.41,4.10,3.30,4.86,12.17
3.63,2,0,0,99497.33,20.50,227.90,0,0.09,0.05,-0.32,-5.24,-0.30,49.63,164.16,-22.55,3.89,3.30,4.87,12.18
3.65,2,0,0,99467.98,20.50,230.38,0,0.06,0.02,-0.33,-5.91,-0.06,49.21,164.68,-22.70,3.65,3.30,4.87,12.17
3.68,2,0,0,99450.72,20.50,231.83,0,0.01,-0.00,-0.35,-5.43,0.06,48.96,165.21,-22.84,3.41,3.30,4.87,12.18
3.70,2,0,0,99432.59,20.50,233.58,0,0.12,0.11,-0.33,-4.57,-0.49,48.66,165.71,-22.97,3.21,3.30,4.87,12.20
3.72,2,0,0,99415.34,20.49,234.82,0,0.05,0.04,-0.31,-4.57,-0.43,47.56,166.21,-23.11,3.01,3.30,4.87,12.12
3.74,2,0,0,99409.28,20.50,236.21,0,0.04,0.03,-0.33,-4.82,0.18,47.93,166.72,-23.24,2.79,3.30,4.86,12.12
3.77,2,0,0,99381.68,20.49,237.66,0,0.06,0.10,-0.28,-3.96,0.24,48.29,167.22,-23.36,2.61,3.30,4.87,12.20
3.79,2,0,0,99365.27,20.50,239.27,0,0.05,0.05,-0.33,-4.27,0.06,47.99,167.72,-23.48,2.41,3.30,4.86,11.55
3.81,2,0,0,99351.46,20.50,240.21,0,0.10,0.07,-0.30,-3.60,-0.43,47.68,168.22,-23.61,2.21,3.30,4.87,11.84
3.83,2,0,0,99336.78,20.50,241.67,0,0.07,0.04,-0.32,-4.57,0.43,47.07,168.73,-23.73,1.99,3.30,4.87,12.15
3.85,2,0,0,99317.75,20.51,243.06,0,0.02,0.10,-0.32,-4.57,0.24,47.68,169.22,-23.84,1.81,3.30,4.87,12.10
3.87,2,0,0,99304.80,20.51,245.03,0,0.02,0.06,-0.36,-4.57,0.85,47.26,169.71,-23.95,1.60,3.30,4.87,12.10
3.89,2,0,0,99293.59,20.51,245.10,0,0.00,-0.02,-0.34,-3.60,0.12,46.77,170.23,-24.07,1.35,3.30,4.87,12.00
3.91,2,0,0,99270.28,20.51,247.07,0,0.05,0.08,-0.29,-4.27,0.00,47.07,170.72,-24.19,1.16,3.30,4.86,12.07
3.93,2,0,0,99258.19,20.51,248.09,0,0.05,0.03,-0.33,-3.78,0.49,46.71,171.22,-24.30,0.93,3.30,4.87,12.13
3.95,2,0,0,99244.39,20.51,249.26,0,0.05,0.00,-0.36,-3.90,0.73,45.85,171.73,-24.41,0.69,3.30,4.87,12.10
3.98,2,0,0,99223.67,20.51,251.01,0,0.03,0.02,-0.33,-4.63,0.30,46.95,172.24,-24.53,0.44,3.30,4.87,12.15
4.00,2,0,0,99204.72,20.50,252.61,0,0.00,0.04,-0.33,-4.33,0.43,46.71,172.73,-24.64,0.22,3.30,4.87,12.07
4.02,2,0,0,99175.39,20.50,255.09,0,0.05,0.02,-0.32,-4.51,0.61,45.61,173.23,-24.75,-0.02,3.30,4.86,11.86
4.04,2,0,0,99171.89,20.51,255.39,0,0.04,0.01,-0.31,-3.78,0.79,46.71,173.74,-24.85,-0.27,3.30,4.87,11.91
4.06,2,0,0,99152.03,20.51,257.06,0,0.02,-0.00,-0.32,-4.63,0.67,46.65,174.26,-24.96,-0.53,3.30,4.86,11.94
4.08,2,0,0,99136.48,20.51,258.38,0,0.03,-0.00,-0.31,-4.76,1.28,45.73,174.77,-25.05,-0.80,3.30,4.87,11.99
4.10,2,0,0,99115.78,20.51,260.13,0,0.02,0.03,-0.33,-4.82,1.10,45.55,175.26,-25.15,-1.04,3.30,4.87,11.94
4.12,2,0,0,99109.75,20.51,260.64,0,-0.00,0.00,-0.34,-5.30,1.40,45.85,175.77,-25.24,-1.31,3.30,4.86,11.94
4.14,2,0,0,99086.44,20.51,262.61,0,0.01,0.05,-0.31,-5.18,1.59,45.18,176.25,-25.32,-1.54,3.30,4.86,11.97
4.16,2,0,0,99077.79,20.52,263.35,0,0.01,0.02,-0.30,-4.76,0.91,45.06,176.74,-25.41,-1.79,3.30,4.87,12.12
4.18,2,0,0,99065.73,20.51,264.37,0,0.01,-0.05,-0.28,-4.63,1.77,44.02,177.25,-25.48,-2.09,3.29,4.87,12.10
4.21,2,0,1,99040.69,20.51,266.49,0,0.02,-0.02,-0.32,-4.88,2.38,45.00,177.76,-25.55,-2.38,3.30,4.87,11.94
4.23,2,0,1,99038.09,20.51,267.36,0,-0.01,0.01,-0.34,-5.24,2.87,44.94,178.26,-25.62,-2.65,3.30,4.87,11.94
4.26,2,0,1,99013.94,20.51,268.75,0,0.02,0.01,-0.30,-6.10,2.56,43.78,178.74,-25.69,-2.93,3.30,4.86,12.02
4.28,2,0,1,99001.84,20.51,270.21,0,0.00,0.00,-0.32,-5.67,3.35,43.60,179.23,-25.74,-3.21,3.30,4.87,11.91
4.30,2,0,1,98986.31,20.51,271.09,0,0.01,0.02,-0.30,-5.85,3.66,43.54,179.71,-25.80,-3.47,3.30,4.85,11.94
4.32,2,0,1,98971.69,20.50,272.55,0,0.01,0.06,-0.31,-6.28,4.21,43.84,180.18,-25.84,-3.71,3.30,4.87,12.08
4.34,2,0,1,98955.24,20.51,273.72,0,0.00,-0.06,-0.28,-6.22,3.60,42.56,180.68,-25.87,-4.04,3.30,4.87,12.05
4.36,2,0,1,98942.30,20.51,275.48,0,-0.01,-0.01,-0.33,-6.52,4.51,43.17,181.17,-25.90,-4.35,3.30,4.87,12.08
4.38,2,0,1,98929.35,20.51,275.91,0,0.01,0.01,-0.27,-6.22,4.82,43.23,181.65,-25.93,-4.63,3.30,4.87,12.05
4.40,2,0,1,98910.38,20.51,277.52,0,0.03,0.00,-0.28,-6.10,4.63,42.68,182.13,-25.97,-4.92,3.30,4.87,12.07
4.42,2,0,0,98900.87,20.51,278.33,0,0.03,0.02,-0.29,-5.67,5.24,43.17,182.60,-25.99,-5.19,3.30,4.87,12.12
4.44,2,0,0,98887.92,20.51,280.30,0,-0.02,-0.01,-0.30,-6.40,5.37,42.80,183.09,-26.01,-5.49,3.30,4.87,12.10
4.47,2,0,0,98871.53,20.51,280.81,0,0.03,0.04,-0.32,-6.10,5.85,42.38,183.55,-26.02,-5.75,3.30,4.87,12.20
4.49,2,0,0,98866.30,20.52,281.26,0,0.04,0.03,-0.24,-5.49,5.18,41.83,184.00,-26.04,-6.00,3.29,4.87,12.17
4.51,2,0,0,98846.50,20.51,282.94,0,0.05,0.02,-0.31,-6.10,5.73,41.52,184.46,-26.05,-6.26,3.30,4.87,12.20
4.53,2,0,0,98836.14,20.51,283.82,0,0.01,0.01,-0.29,-5.12,6.16,41.89,184.92,-26.06,-6.54,3.30,4.87,12.18
4.55,2,0,0,98820.61,20.51,285.13,0,0.06,0.02,-0.24,-5.24,5.98,41.46,185.38,-26.06,-6.80,3.30,4.86,12.18
4.57,2,0,0,98799.05,20.51,286.96,0,0.05,0.01,-0.29,-6.16,5.91,40.67,185.83,-26.07,-7.08,3.29,4.88,12.20
4.59,2,0,0,98797.30,20.51,287.11,0,0.02,0.05,-0.32,-6.40,6.16,41.46,186.27,-26.07,-7.33,3.29,4.87,12.18
4.61,2,0,0,98786.03,20.52,288.07,0,0.03,0.03,-0.29,-5.18,6.65,41.22,186.72,-26.06,-7.58,3.30,4.87,12.18
4.63,2,0,0,98778.33,20.51,288.72,0,0.05,0.00,-0.27,-5.30,6.04,41.34,187.18,-26.06,-7.85,3.30,4.87,12.18
4.65,2,0,0,98763.64,20.51,289.96,0,0.04,0.02,-0.32,-4.82,6.22,41.40,187.64,-26.05,-8.12,3.30,4.87,12.13
4.67,2,0,0,98745.52,20.51,291.50,0,0.05,0.06,-0.25,-4.76,6.16,40.98,188.07,-26.05,-8.34,3.30,4.87,12.17
4.70,2,0,0,98728.25,20.52,292.97,0,0.04,-0.01,-0.28,-4.70,6.22,40.24,188.52,-26.03,-8.62,3.30,4.86,12.07
4.72,2,0,0,98714.45,20.51,294.14,0,0.07,0.08,-0.24,-3.90,5.49,40.61,188.95,-26.03,-8.82,3.29,4.86,12.05
4.74,2,0,0,98706.69,20.51,294.80,0,0.03,-0.01,-0.28,-4.39,5.61,39.94,189.40,-26.02,-9.10,3.31,4.86,12.00
4.76,2,0,0,98692.00,20.52,296.04,0,0.04,0.04,-0.28,-4.15,5.73,40.61,189.83,-26.01,-9.34,3.30,4.87,11.91
4.79,2,0,0,98682.53,20.51,296.85,0,0.05,0.05,-0.34,-5.06,6.10,40.73,190.27,-26.00,-9.58,3.30,4.87,11.99
4.81,2,0,0,98664.41,20.51,298.39,0,0.02,0.01,-0.30,-4.09,5.61,40.49,190.72,-25.98,-9.84,3.30,4.87,12.07
4.83,2,0,0,98651.40,20.52,299.49,0,0.05,0.01,-0.23,-3.96,5.12,39.33,191.15,-25.98,-10.09,3.30,4.87,12.17
4.85,2,0,0,98640.22,20.52,300.44,0,0.05,0.03,-0.25,-4.33,4.94,39.76,191.58,-25.97,-10.33,3.30,4.87,12.07
4.87,2,0,0,98622.09,20.52,301.98,0,0.09,0.03,-0.27,-3.72,5.43,40.37,192.01,-25.96,-10.56,3.30,4.87,12.13
4.89,2,0,0,98618.66,20.51,303.59,0,0.00,0.04,-0.26,-4.02,5.24,40.12,192.44,-25.95,-10.80,3.30,4.87,12.12
4.91,2,0,0,98600.53,20.51,303.81,0,0.05,0.00,-0.26,-3.54,4.88,38.48,192.87,-25.93,-11.05,3.30,4.86,12.05
4.93,2,0,0,98586.67,20.52,305.21,0,0.05,0.03,-0.28,-4.27,4.70,39.27,193.30,-25.93,-11.29,3.30,4.87,12.13
4.95,2,0,0,98577.23,20.51,305.79,0,0.03,0.05,-0.26,-3.78,5.49,39.76,193.72,-25.91,-11.52,3.30,4.87,12.15
4.97,2,0,0,98565.96,20.52,306.75,0,0.02,0.01,-0.26,-3.54,4.27,39.33,194.15,-25.90,-11.77,3.29,4.87,12.13
4.99,2,0,0,98547.02,20.52,308.36,0,0.01,-0.00,-0.27,-3.48,4.76,38.48,194.58,-25.87,-12.04,3.30,4.87,12.13
5.02,2,0,0,98527.97,20.53,309.98,0,0.03,0.01,-0.26,-4.15,4.76,38.96,195.02,-25.85,-12.30,3.30,4.87,12.13
5.04,2,0,0,98515.10,20.51,311.07,0,0.06,0.02,-0.26,-4.09,4.39,39.02,195.44,-25.84,-12.55,3.30,4.87,11.99
5.06,2,0,0,98509.00,20.52,311.59,0,0.03,0.01,-0.23,-2.80,4.45,38.29,195.86,-25.82,-12.79,3.30,4.87,11.89
5.08,2,0,0,98499.56,20.51,312.39,0,0.04,0.03,-0.23,-3.35,4.45,38.90,196.28,-25.80,-13.02,3.30,4.86,11.89
5.10,2,0,0,98484.03,20.51,313.71,0,0.05,0.01,-0.28,-3.60,5.12,37.80,196.69,-25.77,-13.27,3.30,4.87,11.94
5.12,2,0,0,98481.45,20.51,313.93,0,0.02,0.02,-0.27,-3.48,4.94,39.09,197.12,-25.74,-13.53,3.30,4.87,12.13
5.14,2,0,0,98468.50,20.51,315.04,0,0.06,-0.01,-0.22,-4.09,4.51,37.74,197.54,-25.71,-13.78,3.30,4.87,12.15
5.16,2,0,0,98451.16,20.53,316.51,0,-0.01,-0.02,-0.27,-4.27,5.12,37.68,197.96,-25.66,-14.08,3.29,4.87,12.12
5.18,2,0,0,98447.79,20.51,316.80,0,0.04,-0.00,-0.25,-4.45,4.63,37.74,198.38,-25.63,-14.34,3.30,4.87,12.12
5.21,2,0,1,98427.93,20.52,318.49,0,0.02,-0.01,-0.24,-5.06,4.63,36.83,198.79,-25.59,-14.62,3.30,4.88,11.99
5.23,2,0,1,98416.72,20.51,319.44,0,0.02,0.00,-0.26,-4.63,4.76,37.32,199.20,-25.55,-14.89,3.30,4.87,12.02
5.25,2,0,1,98393.42,20.51,321.42,0,0.03,-0.00,-0.24,-5.37,4.76,36.65,199.61,-25.51,-15.17,3.30,4.87,11.94
5.28,2,0,1,98387.33,20.52,321.94,0,-0.01,0.02,-0.27,-5.49,5.91,36.77,200.00,-25.46,-15.44,3.30,4.87,11.84
5.30,2,0,1,98382.14,20.52,322.38,0,0.02,0.01,-0.25,-5.06,5.18,36.71,200.40,-25.42,-15.70,3.30,4.87,11.88
5.32,2,0,1,98374.38,20.52,323.04,0,0.02,0.04,-0.24,-5.37,6.16,36.77,200.79,-25.37,-15.94,3.30,4.87,12.08
5.34,2,0,1,98356.25,20.52,324.59,0,-0.01,0.02,-0.25,-5.91,6.46,35.61,201.17,-25.31,-16.21,3.30,4.87,12.18
5.36,2,0,1,98351.08,20.52,325.03,0,0.02,0.00,-0.23,-5.00,6.65,35.79,201.56,-25.25,-16.48,3.30,4.87,12.18
5.38,2,0,1,98338.13,20.52,326.13,0,0.04,0.06,-0.24,-5.55,6.71,36.28,201.93,-25.19,-16.70,3.30,4.87,12.17
5.40,2,0,1,98319.20,20.52,327.74,0,0.05,-0.00,-0.24,-4.88,6.95,35.12,202.30,-25.13,-16.95,3.30,4.87,12.18
5.42,2,0,0,98320.02,20.52,328.11,0,-0.01,0.00,-0.24,-4.76,7.32,35.24,202.68,-25.04,-17.23,3.30,4.87,12.18
5.44,2,0,0,98302.73,20.53,329.14,0,0.03,0.03,-0.21,-4.45,7.44,35.24,203.04,-24.98,-17.45,3.29,4.87,12.20
5.46,2,0,0,98304.48,20.52,329.88,0,0.04,-0.01,-0.23,-4.94,7.80,34.33,203.41,-24.89,-17.71,3.30,4.87,12.20
5.49,2,0,0,98289.80,20.53,330.24,0,0.01,0.04,-0.19,-4.33,8.35,35.00,203.76,-24.82,-17.93,3.30,4.87,12.18
5.51,2,0,0,98278.59,20.52,331.86,0,0.02,0.04,-0.23,-4.09,8.60,34.57,204.11,-24.74,-18.15,3.30,4.87,12.20
5.53,2,0,0,98261.39,20.51,332.66,0,0.03,0.04,-0.22,-4.45,8.60,33.78,204.44,-24.66,-18.36,3.30,4.87,12.18
5.55,2,0,0,98257.06,20.52,333.25,0,0.03,0.04,-0.26,-4.02,8.84,34.15,204.79,-24.58,-18.57,3.30,4.87,12.18
5.57,2,0,0,98239.76,20.52,334.51,0,0.04,0.02,-0.21,-3.29,9.15,33.60,205.12,-24.49,-18.78,3.30,4.87,12.20
5.59,2,0,0,98237.17,20.52,334.73,0,0.03,0.05,-0.22,-3.78,9.39,34.15,205.46,-24.40,-18.98,3.30,4.86,12.18
5.61,2,0,0,98216.46,20.52,336.49,0,0.05,0.04,-0.24,-2.50,9.15,32.74,205.78,-24.32,-19.16,3.30,4.87,12.17
5.63,2,0,0,98213.88,20.52,336.71,0,0.04,0.06,-0.24,-2.80,9.45,33.17,206.09,-24.23,-19.34,3.30,4.87,12.18
5.65,2,0,0,98206.10,20.52,337.38,0,0.02,0.04,-0.23,-2.38,9.82,32.99,206.42,-24.14,-19.53,3.30,4.87,12.17
5.67,2,0,0,98193.16,20.52,338.48,0,0.02,0.06,-0.22,-2.50,9.33,31.77,206.72,-24.06,-19.69,3.30,4.87,12.17
5.70,2,0,0,98180.22,20.52,339.58,0,0.03,0.02,-0.22,-2.26,9.51,31.95,207.03,-23.97,-19.88,3.30,4.87,12.10
5.72,2,0,0,98169.05,20.52,340.53,0,0.02,0.02,-0.22,-1.52,10.00,31.95,207.35,-23.86,-20.07,3.30,4.85,12.05
5.74,2,0,0,98154.33,20.51,341.79,0,0.05,0.04,-0.18,-0.91,9.09,32.38,207.65,-23.78,-20.23,3.27,4.87,12.12
5.76,2,0,0,98147.49,20.51,342.37,0,0.03,0.05,-0.25,-1.10,9.09,32.56,207.97,-23.69,-20.40,3.29,4.87,12.12
5.78,2,0,0,98138.80,20.52,343.11,0,0.06,-0.02,-0.23,-0.67,8.90,31.10,208.28,-23.59,-20.59,3.29,4.87,12.12
5.81,2,0,0,98133.62,20.52,343.56,0,0.02,0.04,-0.23,-1.04,9.15,30.79,208.58,-23.51,-20.75,3.30,4.87,12.12
5.83,2,0,0,98122.45,20.52,344.51,0,0.05,0.04,-0.25,-0.55,9.21,32.20,208.89,-23.41,-20.91,3.30,4.86,12.07
5.85,2,0,0,98129.29,20.53,343.93,0,0.06,0.02,-0.17,0.12,8.23,31.40,209.19,-23.33,-21.07,3.30,4.87,12.05
5.87,2,0,0,98097.38,20.53,346.65,0,0.05,0.02,-0.20,-0.91,8.11,31.04,209.49,-23.25,-21.24,3.30,4.87,11.99
5.89,2,0,0,98098.23,20.53,346.57,0,0.04,0.02,-0.22,-0.67,7.99,31.28,209.80,-23.16,-21.42,3.30,4.87,12.07
5.91,2,0,0,98084.44,20.52,347.75,0,0.05,0.02,-0.19,-0.91,7.56,31.34,210.11,-23.08,-21.58,3.30,4.86,12.00
5.93,2,0,0,98083.54,20.53,347.83,0,0.06,0.02,-0.22,-1.04,7.38,31.46,210.41,-23.00,-21.76,3.30,4.87,11.92
5.95,2,0,0,98066.31,20.52,349.30,0,0.04,0.01,-0.18,-1.10,7.44,31.65,210.73,-22.91,-21.94,3.30,4.87,11.96
5.97,2,0,0,98055.95,20.52,350.18,0,0.05,-0.00,-0.20,-1.52,7.20,31.89,211.04,-22.82,-22.14,3.30,4.87,11.83
5.99,2,0,0,98046.53,20.51,350.99,0,0.06,0.03,-0.20,-1.89,7.26,32.26,211.36,-22.74,-22.32,3.30,4.87,11.73
6.02,2,0,0,98036.94,20.53,351.80,0,0.02,-0.01,-0.23,-1.65,7.38,31.95,211.68,-22.63,-22.53,3.30,4.86,11.83
6.04,2,0,0,98024.89,20.52,352.83,0,0.03,0.02,-0.19,-1.46,7.01,32.07,212.00,-22.54,-22.72,3.30,4.87,11.78
6.06,2,0,0,98003.38,20.52,354.67,0,0.06,0.05,-0.17,-0.85,6.83,32.99,212.30,-22.47,-22.86,3.30,4.86,11.75
6.08,2,0,0,98008.55,20.52,354.23,0,0.02,-0.00,-0.21,-1.71,6.95,31.89,212.62,-22.36,-23.07,3.30,4.87,11.71
6.10,2,0,0,97998.11,20.53,355.12,0,0.03,0.02,-0.21,-1.40,7.26,32.26,212.94,-22.27,-23.26,3.30,4.85,11.79
6.12,2,0,0,97993.83,20.52,356.59,0,0.03,0.04,-0.20,-1.52,7.07,31.59,213.24,-22.18,-23.43,3.30,4.86,12.13
6.14,2,0,0,97978.25,20.54,356.81,0,0.00,0.04,-0.20,-1.65,6.83,31.59,213.54,-22.09,-23.61,3.30,4.87,12.13
6.16,2,0,0,97974.81,20.53,357.99,0,0.04,0.05,-0.19,-1.46,7.20,31.83,213.84,-22.01,-23.77,3.30,4.87,12.18
6.18,2,0,0,97962.77,20.52,358.14,0,0.02,0.02,-0.21,-1.59,7.44,31.40,214.15,-21.91,-23.96,3.30,4.87,12.08
6.21,2,0,1,97952.41,20.52,359.02,0,0.02,0.02,-0.20,-1.46,7.80,31.04,214.44,-21.80,-24.14,3.30,4.86,11.92
6.23,2,0,1,97948.08,20.53,359.39,0,0.01,0.01,-0.18,-1.65,8.17,30.67,214.74,-21.69,-24.34,3.29,4.86,12.02
6.25,2,0,1,97936.88,20.52,360.35,0,0.05,0.03,-0.19,-1.65,8.54,30.85,215.02,-21.59,-24.50,3.30,4.87,12.12
6.28,2,0,1,97918.77,20.52,361.90,0,0.03,0.06,-0.21,-1.52,8.60,30.30,215.29,-21.50,-24.65,3.30,4.85,12.13
6.30,2,0,1,97916.17,20.52,362.12,0,-0.02,-0.02,-0.18,-1.52,8.90,29.27,215.58,-21.34,-24.86,3.30,4.87,12.05
6.32,2,0,1,97905.82,20.52,363.00,0,0.01,0.03,-0.20,-1.46,9.15,29.88,215.85,-21.22,-25.04,3.30,4.87,12.20
6.34,2,0,1,97897.16,20.53,363.74,0,0.02,0.04,-0.19,-0.85,9.27,29.57,216.12,-21.12,-25.19,3.30,4.87,12.15
6.36,2,0,1,97887.70,20.52,364.55,0,0.03,0.04,-0.21,-1.71,10.12,29.57,216.38,-21.00,-25.35,3.29,4.87,12.28
6.38,2,0,1,97876.45,20.53,365.51,0,0.01,0.05,-0.22,-0.98,10.30,28.78,216.63,-20.89,-25.49,3.30,4.87,12.12
6.40,2,0,1,97873.86,20.53,365.73,0,0.03,0.02,-0.19,-1.04,9.88,28.11,216.88,-20.77,-25.65,3.30,4.87,12.15
6.42,2,0,0,97871.27,20.53,365.95,0,0.05,0.03,-0.19,-0.79,10.30,28.41,217.12,-20.66,-25.79,3.30,4.86,12.18
6.44,2,0,0,97859.22,20.52,366.98,0,0.03,0.06,-0.16,-0.24,10.12,28.90,217.36,-20.55,-25.89,3.30,4.86,12.18
6.47,2,0,0,97850.56,20.53,367.72,0,0.02,0.03,-0.20,-0.37,10.49,27.62,217.60,-20.43,-26.04,3.30,4.87,12.15
6.49,2,0,0,97841.05,20.54,368.54,0,-0.01,0.00,-0.20,-0.37,11.52,27.32,217.84,-20.27,-26.22,3.30,4.87,12.08
6.51,2,0,0,97835.03,20.53,369.05,0,0.03,0.06,-0.17,0.24,11.40,27.80,218.07,-20.15,-26.32,3.30,4.87,12.18
6.53,2,0,0,97829.00,20.53,369.57,0,0.01,0.02,-0.19,0.55,11.52,27.74,218.30,-20.01,-26.47,3.30,4.87,12.17
6.55,2,0,0,97819.50,20.53,370.38,0,0.02,0.02,-0.18,0.73,11.52,27.32,218.54,-19.87,-26.61,3.31,4.89,12.17
6.57,2,0,0,97815.22,20.52,370.75,0,0.03,0.04,-0.19,0.37,11.65,27.07,218.76,-19.75,-26.73,3.30,4.87,12.07
6.59,2,0,0,97812.63,20.52,370.97,0,0.02,0.03,-0.20,0.49,12.62,26.77,218.97,-19.61,-26.86,3.30,4.86,12.05
6.61,2,0,0,97804.86,20.52,371.63,0,0.03,0.04,-0.18,1.40,11.83,27.01,219.19,-19.48,-26.97,3.30,4.87,12.17
6.63,2,0,0,97787.59,20.53,373.11,0,0.07,0.02,-0.16,1.04,12.20,26.83,219.40,-19.36,-27.07,3.30,4.86,12.10
6.65,2,0,0,97778.08,20.53,373.92,0,0.05,0.04,-0.15,1.40,12.07,26.77,219.61,-19.24,-27.16,3.30,4.87,12.15
6.68,2,0,0,97767.72,20.53,374.81,0,-0.02,0.01,-0.19,1.10,12.93,27.56,219.84,-19.05,-27.32,3.30,4.86,12.18
6.70,2,0,0,97770.31,20.53,374.59,0,0.02,0.03,-0.22,1.22,12.26,26.22,220.05,-18.90,-27.45,3.30,4.87,12.04
6.72,2,0,0,97756.53,20.53,375.76,0,0.04,0.01,-0.20,1.52,12.87,27.20,220.27,-18.75,-27.57,3.30,4.87,12.07
6.74,2,0,0,97746.17,20.53,377.09,0,-0.00,0.02,-0.20,1.77,12.99,27.38,220.49,-18.58,-27.71,3.30,4.86,12.05
6.76,2,0,0,97742.74,20.52,376.94,0,0.02,0.06,-0.19,1.71,12.80,26.95,220.70,-18.44,-27.81,3.29,4.87,12.12
6.79,2,0,0,97736.66,20.53,377.69,0,0.05,0.03,-0.17,1.71,12.80,26.65,220.90,-18.30,-27.91,3.30,4.85,11.89
6.81,2,0,0,97725.47,20.53,378.42,0,0.03,0.00,-0.19,2.07,13.17,27.13,221.12,-18.14,-28.04,3.30,4.87,12.00
6.83,2,0,0,97721.13,20.53,378.57,0,0.01,0.02,-0.20,2.68,12.87,27.20,221.33,-17.97,-28.16,3.30,4.86,11.91
6.85,2,0,0,97716.80,20.54,379.16,0,0.06,0.02,-0.17,2.99,12.62,26.59,221.54,-17.83,-28.24,3.28,4.86,11.99
6.87,2,0,0,97710.78,20.53,380.34,0,0.04,0.02,-0.19,2.13,13.35,26.95,221.74,-17.68,-28.35,3.30,4.86,11.94
6.89,2,0,0,97704.76,20.53,380.20,0,0.01,0.03,-0.19,2.93,12.87,26.71,221.95,-17.52,-28.46,3.30,4.86,11.92
6.91,2,0,0,97699.48,20.54,380.65,0,0.02,0.01,-0.17,3.41,12.93,25.91,222.15,-17.36,-28.57,3.30,4.87,11.99
6.93,2,0,0,97691.72,20.54,381.31,0,0.07,0.04,-0.18,2.62,12.68,25.24,222.33,-17.24,-28.64,3.30,4.87,11.99
6.95,2,0,0,97680.56,20.54,382.27,0,0.04,0.01,-0.18,2.93,13.05,25.79,222.53,-17.08,-28.74,3.29,4.87,11.68
6.98,2,0,0,97679.72,20.53,382.34,0,0.02,0.02,-0.20,3.11,12.93,26.04,222.73,-16.92,-28.85,3.30,4.86,12.15
7.00,2,0,0,97666.77,20.53,383.45,0,0.06,0.07,-0.17,3.11,12.74,25.85,222.91,-16.80,-28.89,3.30,4.87,12.08
7.02,2,0,0,97661.59,20.53,383.89,0,0.04,0.01,-0.16,3.60,12.62,25.73,223.10,-16.65,-28.98,3.30,4.87,12.02
7.04,2,0,0,97658.08,20.54,384.19,0,0.04,0.01,-0.15,3.17,12.32,25.79,223.30,-16.50,-29.08,3.29,4.88,11.83
7.06,2,0,0,97648.66,20.53,385.00,0,0.01,0.02,-0.18,3.48,12.56,25.73,223.49,-16.34,-29.19,3.30,4.86,11.91
7.08,2,0,0,97644.32,20.54,385.37,0,0.04,0.05,-0.18,3.29,12.62,26.04,223.68,-16.20,-29.25,3.30,4.87,11.89
7.10,2,0,0,97638.30,20.53,385.88,0,0.04,0.04,-0.16,3.23,12.20,25.37,223.86,-16.08,-29.32,3.30,4.86,11.92
7.12,2,0,0,97630.53,20.53,386.55,0,0.02,0.01,-0.15,3.72,12.13,25.43,224.06,-15.92,-29.41,3.30,4.87,11.91
7.14,2,0,0,97622.77,20.53,387.21,0,0.04,0.01,-0.17,3.60,12.07,25.12,224.24,-15.78,-29.51,3.30,4.87,11.96
7.16,2,0,0,97623.61,20.54,387.14,0,0.05,0.03,-0.15,3.60,12.01,25.06,224.43,-15.65,-29.57,3.30,4.86,11.92
7.19,2,0,0,97610.67,20.54,388.25,0,0.04,0.03,-0.18,3.84,11.95,24.88,224.61,-15.51,-29.65,3.30,4.86,12.07
7.21,2,0,1,97606.30,20.54,388.63,0,0.05,0.03,-0.15,4.27,11.59,24.94,224.79,-15.39,-29.71,3.29,4.87,11.89
7.23,2,0,1,97596.88,20.53,389.43,0,0.03,0.00,-0.18,4.21,11.59,24.76,224.98,-15.24,-29.80,3.30,4.85,11.83
7.26,2,0,1,97597.73,20.54,389.36,0,0.02,0.06,-0.19,4.57,11.71,25.30,225.16,-15.10,-29.86,3.30,4.87,11.94
7.28,2,0,1,97585.69,20.53,390.39,0,0.05,0.04,-0.17,4.39,11.28,25.00,225.34,-14.98,-29.92,3.30,4.87,11.96
7.30,2,0,1,97586.53,20.53,390.32,0,0.03,0.04,-0.18,4.33,11.46,24.94,225.52,-14.85,-29.99,3.31,4.87,11.99
7.32,2,0,1,97576.18,20.53,391.21,0,0.04,0.03,-0.17,4.51,11.22,24.63,225.71,-14.72,-30.06,3.30,4.87,12.04
7.34,2,0,1,97572.66,20.54,391.51,0,0.07,0.03,-0.16,5.06,11.40,24.82,225.88,-14.60,-30.10,3.30,4.87,12.08
7.36,2,0,1,97567.48,20.54,391.95,0,0.04,0.06,-0.16,4.82,10.67,24.39,226.06,-14.49,-30.14,3.30,4.87,12.05
7.38,2,0,1,97562.30,20.54,392.39,0,0.04,0.04,-0.17,4.94,10.85,23.96,226.23,-14.37,-30.19,3.30,4.89,12.04
7.40,2,0,1,97556.31,20.54,392.91,0,0.06,0.03,-0.15,5.00,10.49,24.39,226.41,-14.26,-30.24,3.30,4.87,12.07
7.42,2,0,0,97551.95,20.54,393.28,0,0.04,0.03,-0.14,5.18,10.73,24.27,226.58,-14.14,-30.28,3.30,4.86,12.07
7.45,2,0,0,97545.02,20.55,393.88,0,0.03,0.03,-0.18,5.37,10.61,24.15,226.76,-14.01,-30.35,3.30,4.87,12.08
7.47,2,0,0,97545.12,20.53,393.87,0,0.04,0.04,-0.17,5.43,10.43,24.15,226.94,-13.89,-30.40,3.30,4.87,12.08
7.49,2,0,0,97533.02,20.54,394.90,0,0.03,0.04,-0.16,5.37,10.43,24.33,227.11,-13.77,-30.45,3.30,4.86,12.08
7.51,2,0,0,97531.23,20.54,395.06,0,0.04,0.03,-0.17,5.73,10.43,24.33,227.29,-13.65,-30.50,3.30,4.88,12.07
7.53,2,0,0,97526.06,20.54,395.50,0,0.03,0.06,-0.16,6.16,10.30,24.82,227.47,-13.54,-30.51,3.30,4.87,12.08
7.55,2,0,0,97514.05,20.53,396.53,0,0.04,0.05,-0.17,5.73,10.06,23.90,227.64,-13.43,-30.55,3.30,4.88,12.08
7.57,2,0,0,97510.53,20.54,396.83,0,0.05,0.03,-0.18,6.22,10.30,23.84,227.81,-13.31,-30.59,3.30,4.86,12.08
7.59,2,0,0,97505.36,20.54,397.28,0,0.04,0.04,-0.17,6.28,10.18,23.66,227.98,-13.20,-30.62,3.30,4.87,12.07
7.61,2,0,0,97505.36,20.54,397.28,0,0.02,0.03,-0.16,6.28,10.24,23.72,228.16,-13.07,-30.68,3.30,4.87,12.05
7.63,2,0,0,97499.37,20.54,397.79,0,0.01,0.01,-0.19,6.28,10.24,22.99,228.33,-12.93,-30.75,3.29,4.87,12.10
7.66,2,0,0,97489.83,20.54,398.61,0,0.05,0.04,-0.16,6.52,10.06,23.17,228.49,-12.82,-30.78,3.30,4.87,12.08
7.68,2,0,0,97489.83,20.54,398.61,0,0.04,0.03,-0.15,6.40,9.88,22.87,228.66,-12.71,-30.81,3.30,4.87,12.10
7.70,2,0,0,97476.88,20.54,399.72,0,0.03,0.02,-0.16,6.83,10.18,22.68,228.82,-12.58,-30.86,3.30,4.87,11.94
7.72,2,0,0,97477.81,20.53,399.64,0,0.03,0.06,-0.17,7.01,10.12,23.72,228.99,-12.47,-30.88,3.30,4.87,11.92
7.75,2,0,0,97476.88,20.54,399.72,0,0.04,0.03,-0.16,7.07,9.70,23.11,229.16,-12.36,-30.91,3.30,4.87,11.94
7.77,2,0,0,97471.80,20.53,400.15,0,0.04,0.04,-0.17,7.13,9.88,21.89,229.31,-12.25,-30.94,3.30,4.90,11.94
7.79,2,0,0,97468.31,20.54,400.45,0,0.03,0.02,-0.18,7.26,9.94,22.07,229.47,-12.13,-30.99,3.30,4.87,11.97
7.81,2,0,0,97461.35,20.54,401.05,0,0.02,0.04,-0.19,7.44,10.37,23.29,229.64,-12.00,-31.03,3.30,4.86,12.10
7.83,2,0,0,97453.59,20.54,401.71,0,0.05,0.05,-0.15,7.62,10.12,22.50,229.79,-11.90,-31.03,3.30,4.87,12.05
7.85,2,0,0,97458.77,20.54,401.27,0,0.03,0.05,-0.14,7.56,9.63,22.68,229.95,-11.80,-31.03,3.30,4.87,12.08
7.87,2,0,0,97453.59,20.54,401.71,0,0.02,-0.02,-0.15,8.11,10.12,22.93,230.12,-11.63,-31.09,3.30,4.87,12.08
7.89,2,0,0,97438.05,20.54,403.05,0,0.03,0.07,-0.17,7.87,9.82,22.68,230.27,-11.53,-31.07,3.30,4.86,11.81
7.91,2,0,0,97447.50,20.55,402.24,0,0.05,0.05,-0.17,7.87,9.82,22.56,230.43,-11.43,-31.08,3.30,4.87,12.08
7.93,2,0,0,97432.88,20.54,403.49,0,0.03,0.04,-0.16,8.66,10.06,23.41,230.60,-11.30,-31.10,3.30,4.87,12.10
7.96,2,0,0,97430.29,20.54,403.71,0,0.03,0.04,-0.17,8.66,10.06,22.99,230.76,-11.18,-31.11,3.30,4.87,12.08
7.98,2,0,0,97429.38,20.55,403.79,0,0.05,0.08,-0.17,8.66,9.88,21.89,230.90,-11.09,-31.08,3.30,4.87,12.10
8.00,2,0,0,97425.11,20.54,404.16,0,0.04,0.06,-0.15,9.02,9.94,22.20,231.05,-10.99,-31.06,3.30,4.87,12.08
8.02,2,0,0,97419.03,20.55,404.68,0,0.04,0.03,-0.15,9.02,10.00,22.13,231.21,-10.88,-31.07,3.30,4.87,12.04
8.04,2,0,0,97413.85,20.55,405.12,0,0.02,0.05,-0.16,8.84,10.37,22.20,231.36,-10.77,-31.07,3.30,4.87,12.10
8.06,2,0,0,97412.17,20.54,405.27,0,0.03,0.02,-0.16,9.45,10.00,22.07,231.52,-10.64,-31.09,3.30,4.86,12.05
8.08,2,0,0,97409.58,20.54,405.49,0,0.07,0.04,-0.13,9.88,9.88,22.44,231.67,-10.55,-31.06,3.31,4.87,12.10
8.10,2,0,0,97403.50,20.55,406.01,0,0.02,0.03,-0.14,9.63,9.57,22.56,231.83,-10.42,-31.08,3.30,4.87,11.92
8.12,2,0,0,97404.41,20.54,405.93,0,0.03,0.03,-0.16,9.82,10.30,22.56,231.99,-10.29,-31.09,3.30,4.87,11.91
8.15,2,0,0,97392.31,20.55,406.97,0,0.03,0.05,-0.17,10.43,10.06,22.93,232.14,-10.18,-31.07,3.30,4.87,11.88
8.17,2,0,0,97393.14,20.55,406.90,0,0.07,0.06,-0.17,10.37,10.06,22.32,232.29,-10.08,-31.04,3.30,4.87,11.92
8.19,2,0,0,97394.05,20.54,406.82,0,0.02,0.05,-0.14,10.30,10.12,22.38,232.44,-9.97,-31.01,3.30,4.87,12.07
8.22,2,0,1,97386.29,20.54,407.49,0,0.08,0.08,-0.17,10.61,10.12,22.13,232.59,-9.88,-30.95,3.30,4.86,11.89
8.24,2,0,1,97381.11,20.54,408.38,0,0.03,0.05,-0.14,10.85,9.76,22.01,232.74,-9.78,-30.92,3.30,4.86,11.92
8.26,2,0,1,97369.95,20.54,408.89,0,0.07,0.08,-0.16,10.91,10.30,21.95,232.88,-9.68,-30.85,3.30,4.87,11.94
8.28,2,0,1,97385.48,20.54,407.56,0,0.03,0.02,-0.15,10.79,9.70,21.46,233.03,-9.57,-30.85,3.30,4.87,11.89
8.30,2,0,1,97368.17,20.54,409.04,0,0.04,0.06,-0.13,11.04,9.82,21.83,233.17,-9.47,-30.80,3.30,4.87,11.97
8.32,2,0,1,97374.19,20.55,408.53,0,0.02,0.03,-0.16,11.16,10.06,21.52,233.32,-9.35,-30.80,3.30,4.87,12.08
8.34,2,0,1,97370.76,20.54,408.82,0,0.05,0.05,-0.16,11.28,9.88,21.16,233.46,-9.26,-30.75,3.30,4.86,12.07
8.36,2,0,1,97354.32,20.55,410.23,0,0.02,0.04,-0.16,11.71,10.00,22.07,233.62,-9.13,-30.74,3.30,4.87,12.07
8.38,2,0,1,97362.89,20.56,409.50,0,0.05,0.05,-0.14,11.89,9.70,21.46,233.76,-9.04,-30.69,3.30,4.87,12.04
8.40,2,0,1,97362.09,20.55,409.56,0,0.02,0.04,-0.15,12.01,10.00,21.52,233.91,-8.92,-30.66,3.30,4.86,12.02
8.43,2,0,0,97356.91,20.55,410.01,0,0.04,0.02,-0.16,11.77,10.12,21.10,234.05,-8.81,-30.64,3.30,4.87,11.73
8.45,2,0,0,97353.48,20.55,410.30,0,0.04,0.07,-0.16,12.26,9.70,21.16,234.19,-8.72,-30.57,3.30,4.87,11.92
8.47,2,0,0,97340.54,20.55,411.41,0,0.02,-0.00,-0.13,12.38,9.70,21.04,234.34,-8.58,-30.57,3.30,4.87,12.10
8.49,2,0,0,97343.97,20.55,411.12,0,0.06,0.04,-0.14,12.38,10.00,20.67,234.48,-8.49,-30.52,3.30,4.87,12.18
8.51,2,0,0,97339.70,20.54,411.49,0,0.02,0.04,-0.16,12.62,9.88,21.40,234.62,-8.37,-30.49,3.29,4.87,12.10
8.53,2,0,0,97341.38,20.55,411.34,0,0.03,0.06,-0.13,12.50,9.76,21.28,234.77,-8.28,-30.42,3.30,4.87,12.02
8.55,2,0,0,97334.52,20.54,411.93,0,0.04,0.04,-0.17,13.29,9.88,21.04,234.91,-8.18,-30.38,3.30,4.87,12.00
8.57,2,0,0,97336.20,20.55,411.34,0,0.08,0.07,-0.16,12.68,9.88,20.91,235.04,-8.09,-30.29,3.30,4.87,12.18
8.59,2,0,0,97331.94,20.54,412.15,0,0.02,0.03,-0.14,13.17,9.70,20.85,235.19,-7.97,-30.26,3.30,4.87,12.10
8.61,2,0,0,97345.62,20.56,411.65,0,0.06,0.06,-0.18,13.35,9.76,21.04,235.33,-7.89,-30.19,3.30,4.87,12.17
8.64,2,0,0,97325.85,20.55,412.68,0,0.03,0.06,-0.15,13.17,9.51,21.04,235.47,-7.79,-30.13,3.30,4.88,12.18
8.66,2,0,0,97318.99,20.54,413.26,0,0.04,0.05,-0.19,13.41,9.94,20.37,235.61,-7.69,-30.08,3.30,4.87,12.20
8.68,2,0,0,97325.85,20.55,412.68,0,0.00,0.02,-0.14,13.72,9.33,20.18,235.75,-7.54,-30.07,3.30,4.87,12.20
8.70,2,0,0,97320.67,20.55,413.12,0,0.05,0.05,-0.13,13.60,9.39,20.37,235.89,-7.46,-30.00,3.30,4.87,12.07
8.73,2,0,0,97320.67,20.55,413.12,0,0.04,0.04,-0.15,13.66,9.76,20.49,236.02,-7.36,-29.94,3.30,4.87,12.04
8.75,2,0,0,97316.41,20.54,413.49,0,0.01,0.02,-0.13,13.78,9.45,20.37,236.17,-7.23,-29.92,3.30,4.88,12.15
8.77,2,0,0,97313.81,20.54,413.71,0,0.08,0.08,-0.14,13.66,9.57,20.79,236.30,-7.16,-29.80,3.30,4.87,12.17
8.79,2,0,0,97310.32,20.55,414.01,0,0.00,0.06,-0.15,14.02,9.39,20.43,236.44,-7.03,-29.74,3.30,4.87,12.10
8.81,2,0,0,97311.23,20.54,413.93,0,0.06,0.03,-0.18,14.02,9.33,20.00,236.58,-6.94,-29.69,3.30,4.86,12.20
8.83,2,0,0,97304.30,20.55,414.53,0,0.02,0.06,-0.13,14.33,9.21,20.24,236.71,-6.85,-29.60,3.30,4.87,12.04
8.85,2,0,0,97310.32,20.55,414.01,0,0.05,0.05,-0.13,14.39,9.33,20.49,236.85,-6.77,-29.51,3.30,4.87,11.99
8.87,2,0,0,97307.73,20.55,414.23,0,0.07,0.05,-0.14,14.57,9.51,19.94,236.98,-6.70,-29.42,3.30,4.87,11.99
8.90,2,0,0,97300.88,20.54,414.82,0,-0.01,0.00,-0.14,14.45,9.15,20.06,237.13,-6.53,-29.40,3.30,4.87,12.13
8.92,2,0,0,97306.05,20.54,414.38,0,0.06,0.05,-0.13,14.70,9.27,20.37,237.27,-6.46,-29.31,3.30,4.87,12.07
8.94,2,0,0,97306.79,20.56,414.31,0,0.02,0.04,-0.17,14.51,9.27,19.88,237.40,-6.34,-29.26,3.31,4.87,12.00
8.96,2,0,0,97300.77,20.56,414.83,0,0.04,0.05,-0.13,15.00,9.21,20.06,237.54,-6.27,-29.16,3.30,4.87,12.04
8.98,2,0,0,97294.79,20.55,415.34,0,0.03,0.04,-0.15,14.94,9.21,20.12,237.68,-6.17,-29.10,3.30,4.88,12.02
9.00,2,0,0,97299.97,20.55,414.90,0,0.04,0.06,-0.17,14.63,9.33,19.94,237.81,-6.09,-29.02,3.30,4.87,11.91
9.02,2,0,0,97305.14,20.55,414.45,1,0.04,0.04,-0.17,14.94,9.45,19.94,237.95,-6.00,-28.95,3.30,4.87,11.97
9.04,2,0,0,97301.61,20.56,414.76,0,0.02,0.03,-0.17,14.88,9.21,19.57,238.09,-5.89,-28.91,3.30,4.87,11.86
9.06,2,0,0,97289.61,20.56,415.79,0,0.03,0.03,-0.13,15.61,9.15,20.06,238.23,-5.79,-28.85,3.30,4.87,12.07
9.08,2,0,0,97293.95,20.55,415.41,0,0.08,0.08,-0.14,15.00,8.78,19.57,238.36,-5.73,-28.70,3.30,4.87,11.94
9.10,2,0,0,97294.79,20.55,415.34,0,0.06,0.04,-0.15,15.30,8.66,19.27,238.49,-5.66,-28.61,3.30,4.87,12.04
9.13,2,0,0,97299.02,20.56,414.98,1,0.06,0.04,-0.14,15.49,8.78,19.45,238.62,-5.59,-28.52,3.30,4.87,12.02
9.15,2,0,0,97297.38,20.55,415.12,0,0.02,0.03,-0.16,15.37,8.84,19.70,238.77,-5.49,-28.47,3.30,4.86,12.08
9.17,2,0,0,97299.97,20.55,414.90,1,0.05,0.06,-0.15,15.49,8.84,19.94,238.90,-5.42,-28.37,3.30,4.88,12.15
9.19,2,0,0,97291.26,20.56,415.65,0,0.03,0.06,-0.15,15.49,8.48,19.02,239.04,-5.34,-28.27,3.30,4.87,12.17
9.22,2,0,1,97279.27,20.55,416.68,0,0.07,0.03,-0.13,15.61,8.29,18.90,239.17,-5.28,-28.17,3.32,4.87,11.97
9.24,2,0,1,97287.02,20.55,416.01,0,0.07,0.07,-0.15,15.73,8.48,19.33,239.30,-5.22,-28.04,3.30,4.87,12.00
9.26,2,0,1,97291.26,20.56,415.65,1,0.04,0.04,-0.13,15.49,8.05,18.90,239.43,-5.16,-27.95,3.30,4.86,12.00
9.28,2,0,1,97283.49,20.56,416.31,0,0.03,0.05,-0.13,15.98,7.99,19.09,239.57,-5.10,-27.83,3.29,4.87,12.08
9.30,2,0,1,97283.59,20.55,416.30,0,0.03,0.03,-0.14,15.85,7.74,18.78,239.71,-5.03,-27.76,3.30,4.87,11.99
9.32,2,0,1,97281.84,20.55,416.45,0,0.04,0.03,-0.14,15.61,7.87,18.35,239.84,-4.96,-27.68,3.30,4.87,12.17
9.34,2,0,1,97287.02,20.55,416.01,1,0.02,0.00,-0.15,15.73,7.68,18.05,239.97,-4.86,-27.64,3.30,4.87,12.15
9.36,2,0,1,97281.84,20.55,416.45,0,0.10,0.08,-0.16,15.67,7.80,18.84,240.10,-4.82,-27.50,3.30,4.87,12.13
9.39,2,0,1,97282.66,20.56,416.38,0,0.03,0.05,-0.13,15.79,7.74,19.15,240.24,-4.75,-27.38,3.30,4.90,12.17
9.41,2,0,1,97285.24,20.56,416.16,1,0.05,0.04,-0.14,15.61,7.32,18.66,240.38,-4.70,-27.30,3.30,4.87,12.17
9.43,2,0,0,97284.44,20.55,416.23,0,0.06,0.08,-0.15,15.43,7.50,19.33,240.51,-4.65,-27.15,3.30,4.87,12.13
9.45,2,0,0,97283.49,20.56,416.31,0,0.04,0.01,-0.13,15.85,7.56,18.66,240.65,-4.57,-27.08,3.30,4.87,12.18
9.47,2,0,0,97284.34,20.57,416.24,0,0.02,0.03,-0.15,15.79,7.38,19.45,240.80,-4.48,-27.03,3.29,4.86,12.18
9.49,2,0,0,97286.08,20.56,416.09,1,0.04,0.02,-0.13,15.49,7.20,18.66,240.94,-4.42,-26.95,3.30,4.86,12.20
9.51,2,0,0,97286.08,20.56,416.09,2,0.07,0.07,-0.15,15.55,7.50,19.15,241.08,-4.38,-26.82,3.30,4.87,12.12
9.53,2,0,0,97286.08,20.56,416.09,3,0.02,0.02,-0.15,15.73,7.50,18.72,241.22,-4.28,-26.77,3.30,4.87,12.17
9.55,2,0,0,97288.67,20.56,415.87,4,0.02,0.02,-0.15,15.73,7.26,18.66,241.36,-4.19,-26.72,3.30,4.87,12.18
9.57,2,0,0,97293.84,20.56,415.42,5,0.05,0.05,-0.15,15.67,7.13,19.09,241.50,-4.15,-26.61,3.30,4.87,12.18
9.60,2,0,0,97291.26,20.56,415.65,6,0.05,0.07,-0.15,15.85,7.07,18.84,241.64,-4.10,-26.47,3.30,4.87,12.13
9.62,2,0,0,97286.08,20.56,416.09,0,0.06,0.05,-0.14,16.04,6.65,17.93,241.77,-4.07,-26.33,3.30,4.87,12.20
9.64,2,0,0,97285.24,20.56,416.16,0,0.06,0.03,-0.13,15.85,6.65,17.87,241.91,-4.04,-26.22,3.30,4.87,12.05
9.66,2,0,0,97286.08,20.56,416.09,0,0.06,0.03,-0.14,15.85,6.65,18.23,242.04,-4.00,-26.12,3.30,4.87,12.00
9.68,2,0,0,97289.61,20.55,415.79,1,0.04,0.02,-0.15,15.85,6.52,18.05,242.18,-3.95,-26.05,3.30,4.86,11.94
9.71,2,0,0,97290.42,20.56,415.72,2,0.07,0.05,-0.13,15.79,6.22,17.87,242.32,-3.92,-25.91,3.30,4.87,11.88
9.73,2,0,0,97284.44,20.55,416.23,0,0.02,0.02,-0.12,15.91,6.22,18.35,242.46,-3.86,-25.85,3.30,4.87,11.99
9.75,2,0,0,97290.42,20.56,415.72,1,0.02,0.01,-0.14,16.04,5.79,17.62,242.60,-3.79,-25.80,3.30,4.87,12.13
9.77,2,0,0,97288.77,20.55,415.86,2,0.07,0.02,-0.15,15.85,5.67,17.68,242.74,-3.76,-25.71,3.30,4.87,11.92
9.79,2,0,0,97293.01,20.56,415.50,3,0.05,0.02,-0.15,16.04,5.49,18.29,242.89,-3.72,-25.63,3.30,4.85,12.17
9.81,2,0,0,97292.20,20.56,415.56,4,0.04,0.04,-0.12,15.37,5.24,18.11,243.03,-3.70,-25.52,3.30,4.87,12.07
9.83,2,0,0,97292.91,20.57,415.50,5,0.05,0.06,-0.15,15.79,5.30,18.05,243.17,-3.68,-25.39,3.30,4.87,12.20
9.85,2,0,0,97294.69,20.56,415.35,6,0.09,0.03,-0.14,15.67,5.18,17.87,243.31,-3.66,-25.28,3.30,4.87,12.18
9.88,2,0,0,97289.52,20.57,415.80,0,0.07,0.05,-0.15,15.49,5.30,18.35,243.46,-3.64,-25.16,3.30,4.87,12.18
9.90,2,0,0,97299.02,20.56,414.98,1,0.02,0.00,-0.17,15.61,4.76,17.74,243.61,-3.57,-25.11,3.30,4.87,12.13
9.92,2,0,0,97299.02,20.56,414.98,2,0.06,0.05,-0.14,15.61,4.51,17.87,243.75,-3.56,-24.99,3.30,4.87,12.15
9.94,2,0,0,97301.61,20.56,414.76,3,0.07,0.03,-0.14,15.30,4.70,17.80,243.90,-3.55,-24.89,3.30,4.88,12.12
9.96,2,0,0,97301.61,20.56,414.76,4,0.04,0.00,-0.14,15.79,4.51,17.99,244.05,-3.51,-24.83,3.30,4.87,12.13
9.98,4,1,0,97302.45,20.57,414.68,5,0.04,0.04,-0.15,15.85,4.27,17.74,244.19,-3.49,-24.73,3.30,4.87,11.70
10.00,4,1,0,97311.97,20.56,413.87,6,0.05,0.03,-0.13,15.91,3.90,19.39,244.36,-3.48,-24.64,3.30,4.89,11.68
10.02,4,1,0,97308.44,20.57,414.17,7,0.07,0.06,-0.14,15.49,3.84,17.80,244.50,-3.48,-24.49,3.30,4.87,11.46
10.04,4,1,0,97302.45,20.57,414.68,0,-0.14,0.22,-2.06,20.18,-7.44,19.57,244.72,-3.46,-24.42,3.30,4.87,11.41
10.06,4,1,0,97415.50,20.56,404.98,1,-2.27,-3.15,-2.10,-3.96,52.20,18.60,244.68,-2.85,-24.55,3.30,4.87,11.41
10.09,4,1,0,97570.81,20.56,391.67,2,-1.64,0.67,2.64,-5.73,-11.52,18.84,244.89,-2.80,-24.54,3.30,4.87,11.46
10.11,4,1,0,97482.80,20.56,399.21,3,-0.89,-0.95,-0.93,30.24,-5.98,17.07,245.08,-2.72,-24.34,3.30,4.86,10.81
10.13,4,1,0,97504.35,20.57,397.36,4,-0.51,-1.08,0.38,27.07,-12.62,17.50,245.29,-2.71,-24.17,3.30,4.87,11.23
10.15,4,1,0,97429.38,20.56,403.79,0,0.04,0.33,0.21,28.23,-11.10,18.72,245.51,-2.74,-23.80,3.30,4.87,11.49
10.17,4,1,0,97363.73,20.56,409.42,0,0.18,0.37,-0.50,17.62,-0.43,19.70,245.69,-2.75,-23.58,3.30,4.86,11.54
10.20,4,1,0,97355.13,20.56,413.05,0,-0.26,-0.10,-0.23,20.98,-0.98,20.43,245.88,-2.58,-23.44,3.30,4.87,11.52
10.22,4,1,0,97261.95,20.56,418.16,0,-0.04,0.03,-0.25,19.76,-2.80,20.61,246.09,-2.49,-23.36,3.30,4.86,11.26
10.24,4,1,0,97149.84,20.55,428.69,0,0.07,0.07,-0.13,17.44,2.62,22.99,246.29,-2.48,-23.18,3.30,4.87,11.41
10.26,4,1,0,97061.84,20.55,435.37,0,0.00,0.12,-0.32,16.95,2.68,24.70,246.50,-2.39,-23.07,3.30,4.87,11.39
10.28,4,1,0,97023.02,20.55,438.71,0,-0.13,0.05,-0.23,18.23,-1.22,27.32,246.76,-2.19,-22.93,3.30,4.87,11.38
10.31,4,1,0,97004.91,20.55,440.27,0,0.04,-0.04,-0.20,19.63,-3.90,29.15,247.05,-2.16,-22.85,3.30,4.87,11.34
10.33,4,1,0,96910.06,20.54,448.44,0,0.01,0.07,-0.25,19.39,-3.23,28.11,247.33,-2.12,-22.74,3.30,4.87,11.67
10.35,4,1,0,96908.20,20.56,448.60,0,-0.03,0.05,-0.24,16.89,-3.11,29.45,247.61,-1.99,-22.68,3.30,4.87,11.62
10.37,4,1,0,96872.92,20.55,450.52,0,0.02,0.18,-0.05,18.05,-4.15,39.09,247.99,-1.90,-22.41,3.30,4.87,11.68
10.39,4,1,0,96834.09,20.55,454.98,0,0.23,0.20,-0.30,12.80,0.61,40.61,248.36,-1.84,-22.26,3.30,4.87,11.68
10.41,4,1,0,96842.66,20.56,454.91,0,0.20,0.19,-0.38,11.77,2.68,39.09,248.71,-1.78,-22.14,3.30,4.87,11.59
10.43,4,1,0,96767.61,20.56,460.72,0,0.05,0.32,-0.17,14.39,2.44,46.46,249.13,-1.61,-21.91,3.30,4.87,11.67
10.45,4,1,0,96734.92,20.55,443.46,1,-0.23,0.14,0.20,8.90,-0.61,50.06,249.59,-1.34,-21.77,3.30,4.87,11.41
10.47,4,1,0,96892.67,20.56,449.93,0,-0.10,0.08,-0.45,7.50,-6.22,55.67,250.14,-1.12,-21.78,3.30,4.87,11.44
10.49,4,1,0,96941.13,20.54,448.21,1,0.19,-0.11,-0.14,7.93,0.79,62.20,250.71,-0.97,-21.79,3.30,4.86,11.65
10.52,4,1,0,97007.50,20.55,440.04,2,-0.20,-0.10,-0.21,7.32,-0.67,55.67,251.23,-0.68,-21.79,3.30,4.86,11.68
10.54,4,1,0,96967.00,20.54,447.32,0,0.15,0.03,-0.25,9.39,-3.17,48.54,251.70,-0.63,-21.75,3.30,4.87,11.63
10.56,4,1,0,96891.95,20.54,450.00,0,0.20,0.42,-0.33,10.30,-1.59,33.96,252.02,-0.59,-21.57,3.30,4.87,11.63
10.58,4,1,0,96844.45,20.55,452.30,0,0.18,0.21,-0.24,9.76,-4.02,17.50,252.19,-0.65,-21.42,3.30,4.86,11.57
10.60,4,1,0,96863.48,20.54,452.45,0,0.14,0.17,-0.26,6.16,-4.09,5.12,252.26,-0.77,-21.32,3.30,4.86,11.65
10.62,4,1,0,96868.66,20.54,452.00,0,0.12,0.15,-0.38,7.26,0.79,-0.18,252.25,-0.87,-21.25,3.30,4.87,11.60
10.64,4,1,0,96889.36,20.54,450.22,1,-0.10,0.15,-0.38,-2.74,4.21,-5.67,252.18,-0.75,-21.27,3.30,4.87,11.36
10.66,4,1,0,96859.14,20.55,452.82,0,0.21,-0.07,-0.22,2.38,7.68,-6.10,252.10,-0.80,-21.31,3.30,4.87,11.63
10.68,4,1,0,96857.50,20.54,452.96,0,0.01,-0.05,-0.12,10.98,3.23,-12.38,251.97,-0.82,-21.31,3.30,4.86,11.46
10.71,4,1,0,96873.83,20.54,451.56,0,-0.01,0.05,-0.31,5.49,-1.04,-11.95,251.87,-0.87,-21.36,3.30,4.87,11.39
10.73,4,1,0,96886.88,20.53,450.43,1,0.13,0.07,-0.42,8.54,0.24,-17.32,251.71,-1.03,-21.34,3.30,4.87,11.41
10.75,4,1,0,96886.05,20.52,450.50,2,-0.34,1.79,-0.91,18.35,-16.46,-75.12,251.06,-1.43,-21.04,3.30,4.86,11.28
10.77,4,1,0,96887.83,20.52,450.35,3,-0.57,0.60,1.76,83.54,-58.17,-155.43,249.81,-2.47,-20.07,3.30,4.87,11.50
10.80,4,1,0,96931.72,20.53,446.57,4,-2.03,1.50,2.04,38.90,-20.73,-167.93,248.29,-3.16,-19.52,3.30,4.87,11.44
10.82,4,1,0,96894.64,20.53,449.76,5,-2.65,0.67,0.34,13.23,-3.05,-170.49,246.69,-3.64,-19.27,3.29,4.87,11.49
10.84,4,1,0,96899.94,20.51,449.31,6,-2.11,0.29,-0.06,-5.79,11.40,-167.68,245.07,-3.98,-19.20,3.30,4.86,11.49
10.86,4,1,0,96909.34,20.52,448.50,7,-0.55,0.16,-0.09,-16.77,25.49,-208.90,243.00,-4.31,-19.20,3.30,4.87,11.60
10.88,4,1,0,96892.17,20.51,449.98,0,1.10,-0.19,-0.98,-5.55,18.11,-242.80,240.65,-5.04,-19.10,3.30,4.87,11.57
10.90,4,1,0,96949.11,20.51,445.07,1,1.40,0.45,-1.16,-5.18,17.01,-282.50,237.91,-5.92,-18.89,3.30,4.88,11.68
10.92,4,1,0,96958.63,20.51,444.25,2,3.23,-0.32,-2.67,-17.01,59.39,-352.26,234.36,-6.60,-18.71,3.30,4.87,11.63
10.94,4,1,0,96958.63,20.51,444.25,3,1.27,0.39,-0.80,-46.83,113.84,-407.74,230.11,-6.94,-18.67,3.30,4.87,11.63
10.96,4,1,0,96967.22,20.51,443.51,4,-1.02,0.08,0.65,-40.61,85.37,-390.43,226.10,-7.27,-18.55,3.30,4.87,11.55
10.98,4,1,0,96996.63,20.50,440.98,5,-1.95,0.77,-6.62,-69.51,107.20,-365.49,222.28,-7.36,-18.84,3.30,4.87,11.46
11.01,4,1,0,97066.51,20.50,434.97,6,-1.85,-0.35,6.24,-63.23,35.00,-304.88,219.24,-7.92,-19.01,3.30,4.87,11.54
11.03,4,1,0,97070.73,20.51,434.60,7,-0.15,5.33,-4.41,16.10,-114.63,-272.62,216.99,-9.90,-18.40,3.30,4.87,11.49
11.05,4,1,0,97088.95,20.50,433.03,8,-2.01,3.99,-6.82,-209.57,-10.85,-251.71,214.59,-10.80,-20.00,3.30,4.87,11.31
11.07,4,1,0,97158.00,20.49,427.10,9,-1.84,2.28,-2.77,-188.84,18.41,-220.06,212.42,-11.34,-21.40,3.30,4.87,11.39
11.09,4,1,0,97201.99,20.49,423.31,10,0.20,2.80,2.80,-127.99,3.41,-161.22,210.85,-11.91,-22.26,3.30,4.86,11.54
11.11,4,1,0,97296.84,20.50,415.17,11,-0.97,1.85,-0.21,-183.84,-30.00,-100.18,210.01,-12.54,-23.84,3.30,4.87,11.63
11.13,4,1,0,97340.09,20.48,411.45,12,2.77,7.63,3.40,-153.48,-40.12,18.78,210.34,-12.86,-25.34,3.30,4.87,11.49
11.15,4,1,0,97552.33,20.48,393.25,13,5.56,16.00,-10.09,-429.70,11.16,131.46,211.46,-12.22,-29.81,3.30,4.87,11.62
11.17,4,1,0,97555.01,20.47,393.02,14,1.99,16.00,-16.00,-535.00,117.20,104.82,211.71,-10.73,-35.16,3.30,4.87,11.44
11.20,4,1,0,97509.36,20.46,402.04,15,1.10,4.67,-6.56,-579.63,172.56,132.20,211.69,-8.63,-40.95,3.30,4.87,11.25
11.22,4,1,0,97402.41,20.45,406.10,16,3.17,7.08,-13.98,-677.13,287.80,146.40,210.74,-5.63,-47.65,3.30,4.87,11.34
11.24,4,1,0,97304.06,20.45,414.55,0,1.13,0.44,-13.60,-649.70,301.77,182.80,209.56,-2.34,-54.17,3.30,4.87,11.18
11.27,4,1,0,97255.84,20.44,418.69,0,2.12,1.78,-15.31,-633.72,360.30,251.83,207.89,1.69,-60.60,3.30,4.86,11.34
11.29,4,1,0,97267.84,20.45,417.66,0,3.34,4.15,-14.31,-624.27,466.40,203.72,204.60,5.54,-67.15,3.30,4.87,11.41
11.31,4,1,0,97324.77,20.45,412.77,1,8.03,5.15,-16.00,-672.13,621.59,190.73,199.31,9.32,-74.64,3.30,4.86,11.60
11.33,4,1,0,97342.14,20.45,411.28,2,0.17,-0.72,-16.00,-645.67,740.98,118.11,192.17,11.94,-82.52,3.30,4.87,11.62
11.35,4,1,0,97291.13,20.45,415.66,0,-4.94,-4.99,-11.72,-597.32,828.23,127.99,183.77,13.75,-90.46,3.30,4.87,11.63
11.37,4,1,0,97238.63,20.45,420.17,0,-16.00,-13.65,-6.97,-420.79,722.13,87.93,176.28,14.29,-96.54,3.30,4.87,11.65
11.39,4,1,0,97271.37,20.44,417.35,0,-16.00,-15.28,-0.85,-219.21,502.07,-136.83,171.38,12.32,-99.85,3.30,4.87,11.59
11.41,4,1,0,97306.76,20.45,414.31,1,-9.24,-4.01,0.82,-206.40,308.84,-272.68,168.83,9.14,-102.37,3.30,4.85,11.33
11.43,4,1,0,97336.06,20.44,411.80,2,-3.78,-2.63,-0.89,-84.51,11.52,-413.11,169.63,5.19,-103.13,3.30,4.86,11.55
11.45,4,1,0,97353.34,20.43,410.32,3,-2.55,-8.00,2.15,-98.11,-2.99,-463.41,170.76,0.72,-103.99,3.30,4.87,11.62
11.48,4,1,0,97392.16,20.44,406.98,4,-3.19,-7.65,-1.41,45.12,-52.38,-488.54,172.43,-3.79,-103.56,3.30,4.87,11.60
11.50,4,1,0,97405.94,20.43,405.80,5,-2.06,-6.99,-1.21,79.82,-39.45,-335.37,173.58,-6.86,-102.85,3.30,4.87,11.59
11.52,4,1,0,97408.52,20.44,405.58,6,-3.43,-5.68,2.14,92.20,-31.89,-201.46,174.33,-8.70,-101.99,3.30,4.87,11.46
11.54,4,1,0,97429.33,20.43,403.79,7,0.03,-1.76,0.39,61.16,5.18,-90.61,174.46,-9.58,-101.32,3.30,4.87,11.42
11.56,4,1,0,97443.08,20.43,402.62,8,0.37,-3.19,-0.15,124.09,-4.70,54.45,174.39,-9.01,-100.00,3.30,4.87,11.50
11.58,4,1,0,97441.42,20.43,402.76,9,-0.72,-3.28,-0.60,182.87,-41.71,106.89,174.63,-7.78,-98.20,3.30,4.87,11.36
11.60,4,1,0,97440.48,20.43,402.84,10,-1.70,-2.88,-0.78,224.27,-68.23,136.71,175.15,-6.23,-96.04,3.30,4.87,11.50
11.62,4,1,0,97443.08,20.43,402.62,11,-2.15,-2.14,-0.56,256.59,-93.41,123.90,175.99,-4.81,-93.57,3.30,4.87,11.60
11.65,4,1,0,97452.62,20.43,401.80,12,-1.22,-1.86,-0.96,262.62,-110.49,118.23,177.05,-3.49,-91.08,3.30,4.87,11.55
11.67,4,1,0,97461.19,20.43,401.06,13,-1.57,-1.59,-1.07,275.24,-139.39,123.23,178.46,-2.16,-88.46,3.30,4.87,11.59
11.69,4,1,0,97453.42,20.43,401.73,14,-2.09,-1.38,-0.96,293.35,-177.26,127.56,180.30,-0.88,-85.62,3.30,4.87,11.47
11.71,4,1,0,97433.66,20.42,403.42,0,-1.90,0.78,-0.95,298.17,-218.48,143.29,182.62,0.40,-82.69,3.30,4.86,11.47
11.73,4,1,0,97419.78,20.43,404.61,0,-1.66,1.52,-0.85,275.98,-257.99,145.91,185.39,1.51,-79.90,3.30,4.86,11.38
11.76,4,1,0,97414.61,20.43,405.06,0,-0.41,3.50,-0.55,239.51,-283.66,113.29,188.40,2.07,-77.41,3.30,4.87,11.33
11.78,4,1,0,97402.61,20.42,406.09,0,0.18,4.17,-0.19,184.09,-282.38,58.17,191.29,1.97,-75.45,3.30,4.87,11.41
11.80,4,1,0,97418.13,20.42,404.76,0,1.22,4.78,-0.09,132.99,-274.45,11.77,193.97,1.35,-74.03,3.30,4.87,11.46
11.82,4,1,0,97413.80,20.43,405.13,0,1.90,5.61,0.18,72.62,-258.48,-2.99,196.44,0.57,-73.24,3.30,4.86,11.50
11.84,4,1,0,97417.20,20.43,403.28,1,2.45,5.29,0.40,6.40,-232.20,7.80,198.69,-0.05,-73.14,3.30,4.87,11.57
11.86,4,1,0,97460.38,20.43,401.13,2,2.80,4.47,0.43,-47.13,-206.65,31.04,200.76,-0.38,-73.60,3.30,4.87,11.62
11.88,4,1,0,97447.44,20.43,402.24,3,2.72,3.56,0.64,-93.17,-174.88,45.79,202.57,-0.46,-74.52,3.30,4.87,11.55
11.90,4,1,0,97458.59,20.43,401.29,4,2.66,3.02,0.78,-124.76,-147.50,44.51,204.11,-0.45,-75.76,3.30,4.87,11.59
11.93,4,1,0,97466.36,20.43,399.95,5,2.64,2.70,0.76,-160.49,-113.72,26.65,205.28,-0.50,-77.35,3.30,4.86,11.54
11.95,4,1,0,97494.02,20.43,398.25,6,2.52,1.74,0.42,-181.16,-82.44,-5.12,206.08,-0.78,-79.16,3.30,4.87,11.47
11.97,4,1,0,97492.24,20.43,398.40,7,2.39,0.88,0.25,-193.29,-53.05,-52.07,206.51,-1.45,-81.09,3.30,4.87,11.47
11.99,4,1,0,97495.77,20.42,398.10,8,2.32,0.40,0.20,-194.94,-36.16,-109.02,206.72,-2.66,-83.04,3.30,4.87,11.34
12.01,4,1,0,97506.13,20.42,397.21,9,2.21,0.11,0.29,-193.17,-28.17,-170.61,206.82,-4.47,-84.96,3.30,4.87,11.44
12.03,4,1,0,97509.55,20.43,396.92,10,1.98,-0.12,0.25,-190.18,-17.62,-233.66,206.83,-6.90,-86.86,3.30,4.87,11.44
12.05,4,1,0,97511.30,20.42,396.54,11,2.11,-0.40,0.36,-183.72,-19.51,-294.76,206.91,-9.94,-88.69,3.29,4.87,11.31
12.07,4,1,0,97521.55,20.44,395.89,12,1.95,-0.66,0.49,-171.77,-13.29,-355.24,207.02,-13.58,-90.41,3.29,4.87,11.44
12.09,4,1,0,97526.83,20.42,395.43,13,1.87,-0.77,0.38,-157.01,-10.73,-404.21,207.22,-17.70,-92.02,3.30,4.87,11.46
12.11,4,1,0,97526.83,20.42,395.43,14,2.05,-0.90,0.41,-142.07,-15.79,-449.94,207.61,-22.28,-93.55,3.30,4.87,11.46
12.14,4,1,0,97541.52,20.42,394.18,15,1.88,-0.70,0.53,-127.50,-19.09,-497.74,208.22,-27.31,-95.05,3.31,4.87,11.60
12.16,4,1,0,97549.18,20.43,393.52,16,1.72,-0.56,0.52,-113.48,-23.29,-543.54,209.11,-32.77,-96.60,3.30,4.87,11.47
12.18,4,1,0,97553.55,20.43,393.14,17,1.62,-0.36,0.62,-100.06,-27.38,-590.00,210.36,-38.65,-98.30,3.30,4.87,11.54
12.21,4,1,0,97558.81,20.41,392.69,18,1.41,0.33,0.58,-92.32,-34.21,-640.55,212.19,-44.98,-100.43,3.30,4.86,11.41
12.23,4,1,0,97563.05,20.42,392.33,19,1.30,0.42,0.62,-84.21,-39.88,-667.80,214.80,-51.50,-103.20,3.30,4.86,11.28
12.25,4,1,0,97556.23,20.41,392.92,20,1.10,0.76,0.49,-82.50,-46.04,-673.96,218.60,-57.96,-107.13,3.30,4.87,11.39
12.27,4,1,0,97561.41,20.41,392.47,21,1.02,0.96,0.47,-81.71,-54.51,-667.80,224.38,-64.12,-113.01,3.31,4.87,11.44
12.29,4,1,0,97557.88,20.42,392.77,22,0.89,1.16,0.52,-82.13,-63.54,-651.46,233.53,-69.68,-122.26,3.30,4.87,11.39
12.31,4,1,0,97568.23,20.42,391.89,23,0.72,1.20,0.51,-80.91,-73.90,-632.74,248.50,-74.16,-137.32,3.30,4.87,11.44
12.33,4,1,0,97567.30,20.43,391.97,24,0.42,1.10,0.49,-77.13,-86.83,-616.34,271.54,-76.71,-160.43,3.30,4.87,11.49
12.35,4,1,0,97565.64,20.42,392.11,25,0.10,1.20,0.54,-71.04,-101.77,-604.09,298.26,-76.37,172.85,3.30,4.86,11.60
12.38,4,1,0,97552.70,20.42,393.22,0,0.12,1.27,0.53,-63.48,-118.23,-594.27,318.97,-73.42,152.18,3.30,4.87,11.52
12.40,4,1,0,97564.70,20.43,392.19,1,0.19,1.18,0.54,-51.04,-130.61,-591.40,332.06,-68.97,139.25,3.30,4.87,11.42
12.42,4,1,0,97563.90,20.43,392.26,2,0.23,1.09,0.55,-36.52,-138.84,-585.49,340.17,-63.84,131.42,3.30,4.87,11.44
12.44,4,1,0,97553.55,20.43,392.48,3,0.39,1.24,0.61,-18.35,-146.10,-581.46,345.50,-58.38,126.53,3.30,4.86,11.33
12.46,4,1,0,97563.05,20.42,392.33,4,0.61,1.08,0.60,-0.30,-146.28,-584.94,349.40,-52.74,123.27,3.30,4.87,11.42
12.48,4,1,0,97563.05,20.42,393.22,0,0.71,1.12,0.69,20.00,-138.48,-595.37,352.57,-46.96,121.01,3.30,4.87,11.46
12.50,4,1,0,97556.13,20.43,392.92,0,0.71,1.34,0.79,35.00,-127.13,-606.34,355.34,-41.07,119.38,3.30,4.87,11.47
12.52,4,1,0,97559.53,20.43,391.75,1,0.58,1.47,0.86,48.05,-115.00,-613.54,357.87,-35.14,118.26,3.30,4.88,11.59
12.55,4,1,0,97569.08,20.43,391.81,2,0.48,1.62,0.94,57.62,-97.87,-612.44,0.27,-29.26,117.50,3.30,4.87,11.60
12.57,4,1,0,97573.41,20.42,391.44,3,0.28,1.72,1.00,61.77,-84.82,-611.83,2.59,-23.42,117.04,3.29,4.87,11.57
12.59,4,1,0,97582.91,20.42,390.63,4,0.18,1.90,0.99,59.15,-71.71,-612.80,4.89,-17.62,116.77,3.30,4.87,11.57
12.61,4,1,0,97594.11,20.42,390.56,5,0.00,1.89,0.90,52.87,-57.99,-611.40,7.22,-11.89,116.65,3.30,4.87,11.60
12.63,4,1,0,97588.09,20.42,390.18,6,-0.35,1.73,0.87,46.04,-48.96,-611.16,9.56,-6.18,116.68,3.30,4.87,11.46
12.65,4,1,0,97582.11,20.41,390.03,7,-0.57,1.79,0.87,38.05,-44.82,-613.23,11.93,-0.48,116.87,3.30,4.87,11.57
12.67,4,1,0,97603.63,20.42,388.85,8,-0.75,1.67,0.79,28.78,-44.33,-613.66,14.33,5.21,117.20,3.30,4.87,11.60
12.70,4,1,0,97603.63,20.42,388.85,9,-1.01,1.44,0.74,20.43,-48.11,-607.13,16.72,10.86,117.69,3.29,4.87,11.31
12.72,4,1,0,97606.30,20.40,388.63,10,-1.20,1.15,0.69,17.56,-55.73,-599.15,19.10,16.45,118.38,3.30,4.87,11.33
12.74,4,1,0,97614.81,20.42,387.90,11,-1.32,0.83,0.65,19.76,-65.43,-587.13,21.48,21.96,119.33,3.30,4.85,11.26
12.76,4,1,0,97616.66,20.40,387.74,12,-1.35,0.64,0.63,25.49,-74.15,-572.80,23.91,27.34,120.56,3.29,4.87,11.23
12.78,4,1,0,97621.83,20.40,387.30,13,-1.16,0.35,0.56,35.18,-81.16,-558.60,26.44,32.59,122.15,3.30,4.87,11.25
12.81,4,1,0,97639.04,20.41,385.82,14,-1.11,0.20,0.52,46.59,-84.51,-542.99,29.19,37.65,124.18,3.30,4.87,11.42
12.83,4,1,0,97633.02,20.41,386.34,15,-0.97,0.07,0.52,59.82,-86.65,-524.94,32.23,42.48,126.71,3.30,4.87,11.44
12.85,4,1,0,97633.87,20.41,386.26,16,-0.76,-0.02,0.44,73.72,-82.13,-509.33,35.74,47.05,129.91,3.30,4.87,11.46
12.87,4,1,0,97644.22,20.41,385.38,17,-0.67,-0.06,0.47,86.77,-75.55,-496.65,39.94,51.30,133.94,3.30,4.86,11.46
12.89,4,1,0,97642.53,20.40,385.52,18,-0.56,-0.04,0.44,98.90,-66.59,-486.89,45.05,55.19,139.01,3.30,4.87,11.44
12.91,4,1,0,97642.53,20.40,385.52,19,-0.44,0.02,0.43,106.89,-55.18,-481.52,51.36,58.63,145.36,3.30,4.87,11.49
12.93,4,1,0,97651.23,20.39,384.78,20,-0.34,0.10,0.40,113.29,-41.71,-480.18,59.16,61.49,153.24,3.30,4.87,11.47
12.95,4,1,0,97660.65,20.40,383.97,21,-0.25,0.30,0.48,114.63,-27.93,-479.63,68.52,63.59,162.68,3.29,4.85,11.46
12.97,4,1,0,97658.06,20.40,384.19,22,-0.18,0.38,0.51,112.56,-12.56,-479.57,79.17,64.75,173.38,3.30,4.87,11.62
12.99,4,0,1,97662.42,20.40,383.82,23,-0.26,0.54,0.56,105.73,1.71,-480.18,90.40,64.85,-175.41,3.30,4.87,12.15
13.02,4,0,1,97666.76,20.39,383.45,24,-0.37,0.66,0.57,96.71,12.50,-479.94,101.24,63.94,-164.67,3.30,4.87,11.73
13.04,4,0,1,97668.50,20.39,383.30,25,-0.44,0.68,0.59,84.45,21.65,-481.16,111.01,62.12,-155.13,3.30,4.87,11.86
13.06,4,0,1,97677.11,20.39,382.56,26,-0.67,0.81,0.68,71.04,25.91,-481.28,119.39,59.61,-147.10,3.30,4.86,11.96
13.08,4,0,1,97674.52,20.39,382.78,27,-0.80,0.79,0.69,57.26,25.37,-479.57,126.43,56.63,-140.56,3.29,4.87,11.84
13.10,4,0,1,97681.44,20.39,382.19,28,-0.95,0.81,0.71,43.90,21.65,-474.51,132.31,53.34,-135.30,3.30,4.87,11.91
13.12,4,0,1,97683.22,20.38,381.82,29,-1.05,0.80,0.70,32.56,13.41,-464.51,137.27,49.91,-131.08,3.30,4.87,11.84
13.14,4,0,1,97686.71,20.37,381.74,30,-1.18,0.79,0.72,22.07,2.20,-447.07,141.51,46.50,-127.70,3.30,4.87,11.81
13.16,4,0,1,97680.63,20.38,382.04,31,-1.24,0.69,0.69,16.89,-9.27,-426.59,145.18,43.17,-124.93,3.30,4.87,12.13
13.19,4,0,1,97690.98,20.38,381.37,32,-1.22,0.57,0.69,13.66,-24.02,-403.23,148.46,40.00,-122.62,3.30,4.87,12.13
13.21,4,0,1,97692.64,20.39,381.23,33,-1.29,0.52,0.71,12.62,-42.32,-373.54,151.44,37.10,-120.62,3.30,4.87,11.96
13.23,4,0,1,97701.34,20.38,380.49,34,-1.32,0.45,0.65,15.98,-55.06,-350.91,154.18,34.38,-118.85,3.30,4.87,11.91
13.26,4,0,1,97700.48,20.38,380.56,35,-1.42,0.40,0.67,20.79,-70.06,-330.24,156.79,31.85,-117.21,3.30,4.85,11.92
13.28,4,0,1,97706.51,20.38,380.05,36,-1.44,0.35,0.62,28.84,-83.96,-309.51,159.27,29.50,-115.64,3.30,4.86,11.49
13.30,4,0,1,97709.91,20.39,379.75,37,-1.43,0.38,0.62,37.07,-96.77,-289.57,161.67,27.34,-114.11,3.30,4.87,11.78
13.32,4,0,1,97710.84,20.38,379.67,38,-1.36,0.40,0.57,44.82,-107.13,-269.33,163.97,25.35,-112.63,3.29,4.87,11.84
13.34,4,0,1,97716.02,20.38,379.23,39,-1.28,0.45,0.49,53.84,-117.68,-250.67,166.20,23.52,-111.16,3.30,4.87,11.78
13.36,4,0,1,97717.67,20.39,379.09,40,-1.14,0.59,0.47,60.49,-126.71,-232.74,168.37,21.83,-109.71,3.30,4.87,11.79
13.38,4,0,1,97722.04,20.38,378.72,41,-1.05,0.67,0.42,66.71,-133.41,-217.87,170.49,20.26,-108.27,3.30,4.88,11.92
13.40,4,0,1,97716.86,20.38,379.16,42,-1.02,0.80,0.40,70.37,-139.09,-207.50,172.56,18.75,-106.87,3.30,4.87,11.83
13.42,4,0,1,97724.63,20.38,378.49,43,-1.01,0.87,0.36,73.35,-144.21,-199.57,174.61,17.28,-105.50,3.30,4.87,11.99
13.44,4,0,1,97724.63,20.38,378.49,44,-0.97,1.00,0.35,76.59,-149.88,-196.34,176.65,15.81,-104.15,3.30,4.87,11.97
13.47,4,0,1,97732.39,20.38,377.83,45,-0.90,1.30,0.43,76.77,-155.00,-198.90,178.69,14.27,-102.85,3.30,4.87,11.96
13.49,4,0,1,97724.63,20.38,378.49,46,-0.74,1.41,0.33,75.24,-157.20,-206.83,180.72,12.62,-101.62,3.30,4.87,11.92
13.51,4,0,1,97725.53,20.37,378.42,47,-0.62,1.51,0.32,71.83,-158.66,-218.66,182.74,10.80,-100.49,3.30,4.87,11.88
13.53,4,0,1,97731.55,20.38,377.90,48,-0.51,1.60,0.34,68.90,-157.99,-232.93,184.73,8.80,-99.46,3.30,4.87,11.76
13.55,4,0,1,97735.88,20.37,377.53,49,-0.57,1.59,0.36,68.23,-157.87,-248.78,186.70,6.61,-98.52,3.30,4.87,11.86
13.57,4,0,1,97742.74,20.38,376.94,50,-0.68,1.69,0.46,67.07,-157.62,-263.96,188.64,4.24,-97.65,3.30,4.87,11.75
13.59,4,0,1,97736.72,20.38,377.46,51,-0.68,1.64,0.37,65.30,-158.17,-280.12,190.57,1.69,-96.90,3.29,4.87,11.88
13.61,4,0,1,97746.23,20.37,376.65,52,-0.58,1.46,0.35,66.16,-156.16,-294.63,192.46,-1.05,-96.22,3.30,4.87,11.89
13.63,4,0,1,97752.34,20.36,376.12,53,-0.62,1.41,0.44,68.96,-156.34,-308.96,194.34,-3.94,-95.60,3.30,4.87,11.89
13.65,4,0,1,97763.53,20.37,375.17,54,-0.54,1.58,0.50,73.72,-155.85,-323.96,196.20,-7.01,-95.03,3.30,4.87,11.89
13.68,4,0,1,97771.30,20.37,374.50,55,-0.41,1.56,0.44,76.52,-150.67,-338.66,198.00,-10.26,-94.53,3.29,4.88,11.83
13.70,4,0,1,97761.75,20.37,375.10,56,-0.51,1.39,0.57,82.62,-143.11,-358.90,199.73,-13.73,-94.05,3.30,4.87,11.81
13.72,4,0,1,97775.63,20.36,374.13,57,-0.40,1.42,0.53,86.95,-138.23,-373.72,201.42,-17.36,-93.62,3.30,4.87,11.76
13.75,4,0,1,97773.97,20.35,373.83,58,-0.31,1.43,0.46,90.43,-128.29,-387.80,203.02,-21.16,-93.23,3.30,4.86,11.70
13.77,4,0,1,97784.33,20.35,373.39,59,-0.32,1.31,0.46,94.39,-117.01,-402.13,204.52,-25.13,-92.86,3.30,4.87,11.75
13.79,4,0,1,97786.91,20.35,373.17,60,-0.35,1.11,0.52,97.56,-104.63,-417.62,205.91,-29.26,-92.50,3.30,4.87,11.79
13.81,4,0,1,97784.33,20.35,373.39,61,-0.41,1.32,0.64,102.07,-94.27,-434.51,207.21,-33.57,-92.14,3.30,4.87,11.86
13.83,4,0,1,97798.16,20.34,372.20,62,-0.30,1.25,0.59,100.85,-81.28,-452.93,208.39,-38.09,-91.81,3.30,4.87,11.92
13.85,4,0,1,97804.19,20.35,371.69,63,-0.34,1.21,0.57,101.59,-65.00,-468.17,209.40,-42.77,-91.44,3.30,4.87,11.91
13.87,4,0,1,97811.02,20.36,371.10,64,-0.56,1.27,0.70,95.91,-53.84,-483.60,210.30,-47.61,-91.10,3.30,4.86,11.91
13.89,4,0,1,97805.92,20.34,371.54,65,-0.55,1.19,0.67,89.88,-42.99,-496.34,211.07,-52.58,-90.78,3.30,4.87,11.91
13.91,4,0,1,97803.34,20.34,371.76,66,-0.74,1.15,0.72,83.35,-32.87,-506.10,211.71,-57.65,-90.45,3.30,4.87,11.94
13.94,4,0,1,97822.30,20.35,370.14,67,-0.89,0.98,0.79,74.02,-28.17,-511.65,212.29,-62.78,-90.21,3.30,4.87,11.96
13.96,4,0,1,97821.45,20.34,370.21,68,-0.93,0.91,0.79,66.59,-25.49,-509.88,212.88,-67.89,-90.06,3.30,4.87,11.92
13.98,4,0,1,97817.20,20.33,370.58,69,-0.87,0.71,0.77,59.27,-24.76,-503.78,213.57,-72.94,-90.11,3.30,4.87,11.92
14.00,4,0,1,97826.63,20.34,369.77,70,-0.88,0.65,0.80,54.15,-24.21,-495.49,214.53,-77.91,-90.49,3.30,4.87,11.91
14.02,4,0,1,97830.14,20.33,369.47,71,-0.74,0.43,0.72,49.88,-23.72,-486.46,216.35,-82.78,-91.78,3.30,4.87,11.97
14.04,4,0,1,97836.16,20.34,368.95,72,-0.74,0.42,0.69,47.74,-24.76,-478.11,224.48,-87.54,-99.41,3.30,4.87,12.17
14.06,4,0,1,97833.58,20.34,369.18,73,-0.79,0.41,0.81,45.67,-27.87,-469.21,19.74,-87.61,105.80,3.30,4.87,12.02
14.08,4,0,1,97843.93,20.34,368.29,74,-0.69,0.34,0.73,45.18,-28.48,-459.63,28.27,-83.04,97.75,3.30,4.87,12.10
14.10,4,0,1,97844.83,20.33,368.21,75,-0.64,0.25,0.63,44.09,-29.76,-450.49,30.09,-78.52,96.39,3.30,4.87,12.04
14.13,4,0,1,97841.43,20.34,368.50,76,-0.56,0.16,0.65,46.16,-30.85,-442.44,30.96,-74.07,96.00,3.30,4.87,12.13
14.15,4,0,1,97846.60,20.32,368.06,77,-0.49,0.13,0.69,48.72,-32.01,-434.94,31.51,-69.70,95.96,3.30,4.87,12.15
14.17,4,0,1,97858.61,20.34,367.04,78,-0.35,0.15,0.71,50.79,-30.43,-427.38,31.98,-65.41,96.01,3.30,4.87,12.15
14.19,4,0,1,97851.78,20.32,367.62,79,-0.24,0.16,0.74,52.50,-28.41,-421.40,32.44,-61.17,96.11,3.30,4.87,12.17
14.22,4,0,1,97856.95,20.32,367.18,80,-0.15,0.20,0.85,54.76,-22.26,-417.44,32.96,-56.99,96.19,3.30,4.86,11.96
14.24,4,0,1,97864.72,20.32,366.51,81,0.01,0.34,0.85,54.21,-16.83,-419.09,33.53,-52.79,96.23,3.30,4.86,11.88
14.26,4,0,1,97869.89,20.32,366.07,82,0.07,0.58,0.91,51.28,-10.12,-424.27,34.17,-48.54,96.22,3.30,4.88,11.86
14.28,4,0,1,97862.13,20.32,366.74,83,-0.01,0.78,0.92,43.96,-4.33,-432.56,34.84,-44.21,96.14,3.30,4.87,11.88
14.30,4,0,1,97873.38,20.31,365.77,84,-0.20,0.91,0.93,34.09,-1.28,-440.00,35.50,-39.79,96.00,3.31,4.85,11.86
14.32,4,0,1,97872.48,20.32,365.85,85,-0.46,1.01,0.93,23.72,-2.20,-446.40,36.09,-35.31,95.84,3.30,4.86,12.12
14.34,4,0,1,97873.30,20.33,365.78,86,-0.75,1.01,1.01,13.29,-9.09,-448.78,36.55,-30.79,95.69,3.30,4.87,12.13
14.36,4,0,1,97875.88,20.33,365.56,87,-0.81,0.82,0.87,5.67,-18.23,-445.55,36.87,-26.29,95.56,3.30,4.87,12.02
14.39,4,0,1,97883.64,20.33,364.90,88,-0.91,0.69,0.85,2.80,-30.24,-436.89,37.02,-21.86,95.49,3.32,4.87,12.13
14.41,4,0,1,97886.23,20.33,364.67,89,-0.99,0.68,0.78,1.40,-42.62,-424.70,37.01,-17.54,95.47,3.30,4.87,12.17
14.43,4,0,1,97888.01,20.32,364.52,90,-0.93,0.56,0.77,2.56,-54.39,-410.91,36.87,-13.35,95.50,3.30,4.87,12.17
14.45,4,0,1,97887.08,20.33,364.60,91,-0.79,0.39,0.70,8.72,-64.33,-398.23,36.62,-9.27,95.60,3.30,4.87,12.17
14.47,4,0,1,97894.84,20.33,363.94,92,-0.73,0.38,0.71,15.12,-73.17,-387.99,36.28,-5.30,95.75,3.30,4.87,12.17
14.49,4,0,1,97894.84,20.33,363.94,93,-0.60,0.29,0.64,24.33,-78.66,-378.29,35.88,-1.41,95.97,3.30,4.87,12.05
14.51,4,0,1,97892.25,20.33,364.16,94,-0.59,0.32,0.60,33.72,-82.74,-370.30,35.46,2.40,96.26,3.30,4.88,12.02
14.53,4,0,1,97895.77,20.32,363.86,95,-0.50,0.27,0.58,44.21,-84.63,-364.33,35.02,6.16,96.62,3.29,4.87,11.81
14.55,4,0,1,97905.19,20.33,363.06,96,-0.42,0.22,0.59,54.45,-83.23,-359.57,34.61,9.86,97.06,3.30,4.87,11.86
14.57,4,0,1,97911.22,20.34,362.54,97,-0.34,0.26,0.62,64.33,-80.55,-356.89,34.25,13.53,97.58,3.30,4.87,11.88
14.60,4,0,1,97907.78,20.33,362.83,98,-0.15,0.27,0.65,74.27,-74.51,-355.30,33.98,17.16,98.20,3.30,4.87,11.89
14.62,4,0,1,97900.95,20.32,363.42,99,-0.07,0.40,0.69,82.13,-65.98,-356.83,33.84,20.79,98.92,3.30,4.87,11.89
14.64,4,0,1,97915.55,20.33,362.17,100,-0.02,0.48,0.63,86.22,-54.45,-360.37,33.86,24.43,99.74,3.30,4.87,11.89
14.66,4,0,1,97914.70,20.33,362.24,101,-0.02,0.56,0.78,90.06,-40.79,-365.24,34.11,28.09,100.70,3.30,4.87,11.89
14.68,4,0,1,97909.52,20.33,362.68,102,-0.15,0.72,0.78,88.60,-29.88,-369.70,34.57,31.76,101.76,3.31,4.87,11.92
14.71,4,0,1,97915.55,20.33,362.17,103,-0.23,0.94,0.77,82.74,-15.55,-374.39,35.31,35.44,102.95,3.30,4.87,11.75
14.73,4,0,1,97925.05,20.33,361.36,104,-0.30,0.99,0.73,73.90,-6.89,-375.73,36.29,39.10,104.23,3.30,4.86,11.78
14.75,4,0,1,97930.31,20.31,360.91,105,-0.52,1.01,0.76,64.15,-0.49,-377.44,37.52,42.74,105.63,3.30,4.87,11.63
14.77,4,0,1,97919.06,20.32,361.87,106,-0.79,0.92,0.78,54.33,1.83,-379.02,38.99,46.38,107.15,3.30,4.86,11.68
14.79,4,0,1,97934.59,20.32,360.54,107,-0.87,0.86,0.74,44.57,-0.37,-379.70,40.67,50.01,108.81,3.29,4.87,11.81
14.81,4,0,1,97929.41,20.32,360.99,108,-1.00,0.80,0.80,36.04,-4.21,-378.72,42.60,53.61,110.65,3.30,4.87,11.92
14.84,4,0,1,97932.00,20.32,360.76,109,-1.05,0.71,0.78,28.05,-10.06,-376.10,44.79,57.16,112.70,3.30,4.87,11.94
14.86,4,0,1,97940.58,20.33,360.03,110,-1.09,0.53,0.78,23.23,-15.98,-370.49,47.32,60.65,115.06,3.30,4.89,11.91
14.88,4,0,1,97944.01,20.33,359.74,111,-1.08,0.42,0.74,19.33,-24.82,-362.74,50.22,64.04,117.80,3.29,4.87,11.91
14.90,4,0,1,97950.11,20.32,359.22,112,-1.09,0.42,0.73,18.17,-31.71,-352.80,53.63,67.30,121.07,3.30,4.87,11.91
14.92,4,0,1,97950.11,20.32,359.22,113,-1.07,0.22,0.80,17.74,-42.07,-341.65,57.70,70.44,125.02,3.30,4.87,11.89
14.94,4,0,1,97954.36,20.33,358.85,114,-0.91,0.01,0.74,20.06,-48.11,-328.05,62.80,73.39,130.05,3.30,4.88,11.92
14.96,4,0,1,97969.13,20.31,357.59,115,-0.74,-0.10,0.67,25.12,-52.44,-311.83,69.37,76.07,136.64,3.30,4.87,11.91
14.98,4,0,1,97970.81,20.32,357.45,116,-0.60,-0.23,0.69,32.38,-55.30,-294.57,78.12,78.42,145.49,3.30,4.87,11.89
15.00,4,0,1,97976.08,20.31,357.00,117,-0.46,-0.36,0.68,40.30,-56.10,-279.45,90.02,80.31,157.59,3.29,4.87,11.91
15.02,4,0,1,97977.73,20.32,356.86,118,-0.35,-0.32,0.67,49.15,-54.33,-267.68,105.76,81.57,173.64,3.30,4.87,11.94
15.05,4,0,1,97979.48,20.31,356.71,119,-0.23,-0.30,0.65,55.49,-51.04,-258.23,124.27,82.00,-167.48,3.30,4.87,11.88
15.07,4,0,1,97984.66,20.31,356.27,120,-0.02,-0.31,0.64,62.56,-45.37,-252.26,142.13,81.51,-149.18,3.30,4.87,11.88
15.09,4,0,1,97984.66,20.31,356.27,121,0.14,-0.27,0.65,68.29,-37.62,-250.67,156.34,80.27,-134.45,3.29,4.87,11.94
15.11,4,0,1,97991.52,20.32,355.68,122,0.27,-0.23,0.65,73.23,-28.54,-251.71,166.39,78.50,-123.83,3.30,4.86,11.94
15.13,4,0,1,97994.19,20.31,355.45,123,0.34,-0.16,0.68,75.85,-17.80,-255.61,173.18,76.38,-116.43,3.30,4.87,11.94
15.15,4,0,1,98001.95,20.31,354.79,124,0.35,-0.07,0.68,76.83,-7.13,-261.71,177.72,74.02,-111.26,3.30,4.87,11.94
15.17,4,0,1,98002.84,20.30,354.71,125,0.36,0.01,0.70,75.61,4.15,-268.84,180.73,71.48,-107.63,3.30,4.87,11.94
15.20,4,0,1,98008.88,20.30,354.20,126,0.35,0.14,0.71,70.43,18.05,-281.83,182.65,68.73,-105.10,3.30,4.86,11.78