SeaLevelPressure		Pressure	Temperature		FlightTime	Pressure		Temperature		Altitude
102340		94980	-4.6		0.1	102109.23		-1		17.98350365
		97240	-3.5		0.12	102131.72		-1		16.22877068
		98970	-3.4		0.14	102100.63		-1		18.65462139
		101860	-1.6		0.16	102118.77		-1		17.23910988
		102090	-0.9		0.19	102125.67		-1		16.70076345
		102100	-1		0.21	102135.16		-1		15.96041278
					0.23	102123.95		-1		16.8349559
					0.26	102144.67		-1		15.21858395
					0.28	102123.95		-1		16.8349559
					0.3	102123.06		-1		16.90439375
					0.32	102118.77		-1		17.23910988
					0.34	102129.13		-1		16.43082633
					0.36	102103.22		-1		18.45249862
					0.38	102118.77		-1		17.23910988
					0.4	102110.99		-1		17.84616692
					0.42	102103.22		-1		18.45249862
					0.44	102098.88		-0.9		18.79809901
					0.47	102092.85		-0.9		19.26888445
					0.49	102071.24		-1.6		20.90245046
					0.51	102075.55		-1.6		20.56672933
					0.53	102061.76		-1.6		21.64094053
					0.55	102055.7		-1.6		22.11305608
					0.57	102060.02		-1.6		21.77649505
					0.59	102048.8		-1.6		22.65065401
					0.61	102040.16		-1.6		23.32388113
					0.63	102039.28		-1.6		23.39245436
					0.65	102030.66		-1.6		24.06419759
					0.68	102016.83		-1.6		25.14208918
					0.7	101992.64		-1.6		27.02784342
					0.72	101997.81		-1.6		26.62476648
					0.75	101989.2		-1.6		27.2960551
					0.77	101978.84		-1.6		28.10387391
					0.79	101981.43		-1.6		27.90191005
					0.81	101968.48		-1.6		28.91179041
					0.83	101942.56		-1.6		30.93356941
					0.85	101938.22		-1.6		31.27215239
					0.87	101930.45		-1.6		31.878368
					0.89	101911.47		-1.6		33.35941942
					0.91	101912.31		-1.6		33.29386542
					0.93	101884.67		-1.6		35.4512419
					0.95	101881.22		-1.6		35.7205726
					0.98	101856.19		-3.4		37.42517903
					1	101845.81		-3.4		38.23044224
					1.02	101831.98		-3.4		39.30350254
					1.04	101811.25		-3.4		40.91225404
					1.06	101800.06		-3.4		41.78081595
					1.08	101788.82		-3.4		42.65337323
					1.1	101764.63		-3.4		44.53162355
					1.12	101759.44		-3.4		44.93467415
					1.14	101731.81		-3.4		47.08080632
					1.16	101728.35		-3.4		47.34960718
					1.19	101710.22		-3.4		48.75827053
					1.21	101677.41		-3.4		51.30829937
					1.23	101680		-3.4		51.10696616
					1.25	101661.86		-3.4		52.51720437
					1.28	101642.85		-3.4		53.99539948
					1.3	101640.27		-3.4		54.19604258
					1.32	101623		-3.4		55.53926321
					1.34	101593.63		-3.4		57.82421786
					1.36	101581.55		-3.4		58.76425717
					1.38	101566		-3.4		59.97452022
					1.4	101567.72		-3.4		59.84064104
					1.42	101559.95		-3.4		60.44545386
					1.45	101546.99		-3.4		61.45437616
					1.47	101523.67		-3.4		63.27019957
					1.49	101509		-3.4		64.41274081
					1.51	101498.64		-3.4		65.21972543
					1.53	101490.88		-3.4		65.82424918
					1.55	101448.55		-3.4		69.1228327
					1.57	101451.14		-3.4		68.92095879
					1.59	101417.45		-3.4		71.54735772
					1.61	101394.14		-3.4		73.36516237
					1.63	101365.64		-3.4		75.58837941
					1.65	101344.92		-3.4		77.20516432
					1.67	101323.34		-3.4		78.88947348
					1.7	101281.03		-3.4		82.19298921
					1.72	101277.56		-3.4		82.46399566
					1.75	101247.35		-3.4		84.82385894
					1.77	101229.22		-3.4		86.24049181
					1.79	101215.39		-3.4		87.32133648
					1.81	101180.88		-3.4		90.019135
					1.83	101151.5		-3.4		92.31676207
					1.85	101146.32		-3.4		92.72194002
					1.87	101125.59		-3.4		94.34368124
					1.89	101096.22		-3.4		96.6420211
					1.91	101075.5		-3.4		98.26393615
					1.93	101039.23		-3.4		101.1040232
					1.96	101027.16		-3.4		102.0494218
					1.98	100996.08		-3.4		104.4844228
					2	100992.61		-3.4		104.7563396
					2.02	100967.59		-3.4		106.7172906
					2.04	100932.2		-3.4		109.4919818
					2.06	100917.5		-3.4		110.64485
					2.08	100905.41		-3.4		111.5931751
					2.1	100888.98		-3.4		112.8821414
					2.12	100873.45		-3.4		114.1007307
					2.14	100848.43		-3.4		116.0644394
					2.16	100834.59		-3.4		117.1509287
					2.19	100811.28		-3.4		118.981248
					2.21	100773.31		-3.4		121.9637607
					2.23	100762.06		-3.4		122.8476959
					2.26	100713.75		-3.4		126.6448459
					2.28	100718.91		-3.4		126.2391682
					2.3	100695.6		-3.4		128.0719902
					2.32	100674.88		-3.4		129.7015892
					2.34	100641.2		-3.4		132.3513262
					2.36	100629.96		-3.4		133.2358557
					2.38	100594.59		-3.4		136.0200581
					2.4	100591.11		-3.4		136.2940545
					2.42	100562.61		-3.4		138.5384148
					2.45	100538.45		-3.4		140.4415954
					2.47	100512.55		-3.4		142.4824474
					2.49	100497		-3.4		143.7080473
					2.51	100465.06		-3.4		146.2261613
					2.53	100459.88		-3.4		146.6346365
					2.55	100421.89		-3.4		149.6311506
					2.57	100408.94		-3.4		150.6529082
					2.59	100386.48		-3.4		152.4253788
					2.61	100375.27		-3.4		153.3102123
					2.63	100345.91		-3.4		155.6282285
					2.66	100333.83		-3.4		156.5821972
					2.68	100293.25		-3.4		159.787838
					2.7	100269.94		-3.4		161.6299232
					2.72	100253.54		-3.4		162.9262475
					2.75	100231.95		-3.4		164.6331958
					2.77	100221.59		-3.4		165.4524334
					2.79	100200.01		-3.4		167.1592385
					2.81	100189.66		-3.4		167.9779958
					2.83	100157.71		-3.4		170.5060993
					2.85	100143.03		-3.4		171.6680036
					2.87	100122.28		-3.4		173.3106869
					2.89	100118		-3.4		173.6495654
					2.91	100087.78		-3.4		176.0427923
					2.93	100061.88		-3.4		178.0945879
					2.96	100046.34		-3.4		179.3259687
					2.98	100037.67		-3.4		180.0130736
					3	100004.91		-3.4		182.6099713
					3.02	99998		-3.4		183.1578589
					3.04	99967.78		-3.4		185.554505
					3.06	99958.29		-3.4		186.3073027
					3.08	99929.8		-3.4		188.5677936
					3.1	99916.85		-3.4		189.595543
					3.12	99895.27		-3.4		191.3085464
					3.14	99882.33		-3.4		192.3359247
					3.17	99875.41		-3.4		192.8854069
					3.19	99843.48		-3.4		195.4213935
					3.21	99829.63		-3.4		196.5217066
					3.23	99810.67		-3.4		198.0282784
					3.26	99796.86		-3.4		199.1258428
					3.28	99774.42		-3.4		200.9096711
					3.3	99762.34		-3.4		201.8701473
					3.32	99739.03		-3.4		203.7239076
					3.34	99720.03		-3.4		205.2352907
					3.36	99694.97		-3.4		207.2292497
					3.38	99694.14		-3.4		207.2953009
					3.4	99669.97		-3.4		209.2190292
					3.42	99652.7		-3.4		210.5939158
					3.45	99643.17		-3.4		211.3527326
					3.47	99615.59		-3.4		213.5492496
					3.49	99597.41		-3.4		214.9975308
					3.51	99587.96		-3.4		215.7504746
					3.53	99572.42		-3.4		216.9888337
					3.55	99559.48		-3.4		218.0201782
					3.57	99533.58		-3.4		220.0849407
					3.59	99517.19		-3.4		221.3918911
					3.61	99494.73		-3.4		223.1832838
					3.63	99497.33		-3.4		222.9758851
					3.65	99467.98		-3.4		225.3174717
					3.68	99450.72		-3.4		226.6948842
					3.7	99432.59		-3.4		228.1420324
					3.72	99415.34		-3.4		229.51923
					3.74	99409.28		-3.4		230.003113
					3.77	99381.68		-3.4		232.2073808
					3.79	99365.27		-3.4		233.5183072
					3.81	99351.46		-3.4		234.6217301
					3.83	99336.78		-3.4		235.7948665
					3.85	99317.75		-3.4		237.3159356
					3.87	99304.8		-3.4		238.3512282
					3.89	99293.59		-3.4		239.2475457
					3.91	99270.28		-3.4		241.111728
					3.93	99258.19		-3.4		242.0788128
					3.95	99244.39		-3.4		243.1828527
					3.98	99223.67		-3.4		244.8408558
					4	99204.72		-3.4		246.3575853
					4.02	99175.39		-3.4		248.7057943
					4.04	99171.89		-3.4		248.9860654
					4.06	99152.03		-3.4		250.5766266
					4.08	99136.48		-3.4		251.8222702
					4.1	99115.78		-3.4		253.4808191
					4.12	99109.75		-3.4		253.9640392
					4.14	99086.44		-3.4		255.8323383
					4.16	99077.79		-3.4		256.5257699
					4.18	99065.73		-3.4		257.4926861
					4.21	99040.69		-3.4		259.5007275
					4.23	99038.09		-3.4		259.7092648
					4.26	99013.94		-3.4		261.6465671
					4.28	99001.84		-3.4		262.6174353
					4.3	98986.31		-3.4		263.8637234
					4.32	98971.69		-3.4		265.0371964
					4.34	98955.24		-3.5		266.2590585
					4.36	98942.3		-3.5		267.2976789
					4.38	98929.35		-3.5		268.3372639
					4.4	98910.38		-3.5		269.8604079
					4.42	98900.87		-3.5		270.624118
					4.44	98887.92		-3.5		271.6642214
					4.47	98871.53		-3.5		272.9808472
					4.49	98866.3		-3.5		273.4010333
					4.51	98846.5		-3.5		274.9920346
					4.53	98836.14		-3.5		275.8246492
					4.55	98820.61		-3.5		277.0729618
					4.57	98799.05		-3.5		278.8063574
					4.59	98797.3		-3.5		278.9470749
					4.61	98786.03		-3.5		279.8533663
					4.63	98778.33		-3.5		280.4726424
					4.65	98763.64		-3.5		281.654252
					4.67	98745.52		-3.5		283.1120462
					4.7	98728.25		-3.5		284.5017525
					4.72	98714.45		-3.5		285.612438
					4.74	98706.69		-3.5		286.2370785
					4.76	98692		-3.5		287.4197089
					4.79	98682.53		-3.5		288.18221
					4.81	98664.41		-3.5		289.6414307
					4.83	98651.4		-3.5		290.6893349
					4.85	98640.22		-3.5		291.5899713
					4.87	98622.09		-3.5		293.0507428
					4.89	98618.66		-3.5		293.327141
					4.91	98600.53		-3.5		294.7882926
					4.93	98586.67		-3.5		295.9055277
					4.95	98577.23		-3.5		296.6665799
					4.97	98565.96		-3.5		297.5752801
					4.99	98547.02		-3.5		299.1026911
					5.02	98527.97		-3.5		300.6393255
					5.04	98515.1		-3.5		301.6776614
					5.06	98509		-3.5		302.1698583
					5.08	98499.56		-3.5		302.9316248
					5.1	98484.03		-3.5		304.1850165
					5.12	98481.45		-3.5		304.3932653
					5.14	98468.5		-3.5		305.4386435
					5.16	98451.16		-3.5		306.838657
					5.18	98447.79		-3.5		307.1107814
					5.21	98427.93		-3.5		308.7146831
					5.23	98416.72		-3.5		309.6201773
					5.25	98393.42		-3.5		311.5026412
					5.28	98387.33		-3.5		311.9947546
					5.3	98382.14		-3.5		312.4141705
					5.32	98374.38		-3.5		313.0413232
					5.34	98356.25		-3.5		314.5067947
					5.36	98351.08		-3.5		314.9247515
					5.38	98338.13		-3.5		315.9717792
					5.4	98319.2		-3.5		317.5025946
					5.42	98320.02		-3.5		317.4362763
					5.44	98302.73		-3.5		318.8347623
					5.46	98304.48		-3.5		318.6932018
					5.49	98289.8		-3.5		319.8807849
					5.51	98278.59		-3.5		320.787794
					5.53	98261.39		-3.5		322.1796978
					5.55	98257.06		-3.5		322.5301472
					5.57	98239.76		-3.5		323.9305094
					5.59	98237.17		-3.5		324.1401842
					5.61	98216.46		-3.5		325.8170103
					5.63	98213.88		-3.5		326.0259346
					5.65	98206.1		-3.5		326.6559861
					5.67	98193.16		-3.5		327.7040439
					5.7	98180.22		-3.5		328.7522662
					5.72	98169.05		-3.5		329.6572395
					5.74	98154.33		-3.5		330.8500145
					5.76	98147.49		-3.5		331.4043384
					5.78	98138.8		-3.5		332.1086555
					5.81	98133.62		-3.5		332.5285253
					5.83	98122.45		-3.5		333.4340101
					5.85	98129.29		-3.5		332.8795178
					5.87	98097.38		-3.5		335.4667312
					5.89	98098.23		-3.5		335.3978015
					5.91	98084.44		-3.5		336.5161718
					5.93	98083.54		-3.5		336.5891684
					5.95	98066.31		-3.5		337.9868012
					5.97	98055.95		-3.5		338.8273062
					5.99	98046.53		-3.5		339.591641
					6.02	98036.94		-3.5		340.3698592
					6.04	98024.89		-3.5		341.3478322
					6.06	98003.38		-3.5		343.0939307
					6.08	98008.55		-3.5		342.6742085
					6.1	97998.11		-3.5		343.5217985
					6.12	97993.83		-3.5		343.869309
					6.14	97978.25		-3.5		345.1344647
					6.16	97974.81		-3.5		345.4138381
					6.18	97962.77		-3.5		346.3917371
					6.21	97952.41		-3.5		347.2332996
					6.23	97948.08		-3.5		347.5850652
					6.25	97936.88		-3.5		348.4950295
					6.28	97918.77		-3.5		349.9666715
					6.3	97916.17		-3.5		350.1779774
					6.32	97905.82		-3.5		351.0192038
					6.34	97897.16		-3.5		351.7231519
					6.36	97887.7		-3.5		352.4922145
					6.38	97876.45		-3.5		353.4069126
					6.4	97873.86		-3.5		353.6175142
					6.42	97871.27		-3.5		353.8281224
					6.44	97859.22		-3.5		354.8080662
					6.47	97850.56		-3.5		355.5124133
					6.49	97841.05		-3.5		356.2859793
					6.51	97835.03		-3.5		356.7757066
					6.53	97829		-3.5		357.2662834
					6.55	97819.5		-3.5		358.0392386
					6.57	97815.22		-3.5		358.3875044
					6.59	97812.63		-3.5		358.5982629
					6.61	97804.86		-3.5		359.2305782
					6.63	97787.59		-3.5		360.6362086
					6.65	97778.08		-3.5		361.4103676
					6.68	97767.72		-3.5		362.2538225
					6.7	97770.31		-3.5		362.0429488
					6.72	97756.53		-3.5		363.164971
					6.74	97746.17		-3.5		364.0086472
					6.76	97742.74		-3.5		364.2879959
					6.79	97736.66		-3.5		364.7831966
					6.81	97725.47		-3.5		365.6946898
					6.83	97721.13		-3.5		366.0482425
					6.85	97716.8		-3.5		366.4009992
					6.87	97710.78		-3.5		366.8914678
					6.89	97704.76		-3.5		367.3819724
					6.91	97699.48		-3.5		367.812212
					6.93	97691.72		-3.5		368.444584
					6.95	97680.56		-3.5		369.3541311
					6.98	97679.72		-3.5		369.4225967
					7	97666.77		-3.5		370.4781958
					7.02	97661.59		-3.5		370.9004821
					7.04	97658.08		-3.5		371.186641
					7.06	97648.66		-3.5		371.9546837
					7.08	97644.32		-3.5		372.3085674
					7.1	97638.3		-3.5		372.7994694
					7.12	97630.53		-3.5		373.4331287
					7.14	97622.77		-3.5		374.0660324
					7.16	97623.61		-3.5		373.9975193
					7.19	97610.67		-3.5		375.0530248
					7.21	97606.3		-3.5		375.4095199
					7.23	97596.88		-3.5		376.1780476
					7.26	97597.73		-3.5		376.108697
					7.28	97585.69		-3.5		377.0910948
					7.3	97586.53		-3.5		377.0225508
					7.32	97576.18		-3.5		377.8671606
					7.34	97572.66		-3.5		378.1544338
					7.36	97567.48		-3.5		378.577205
					7.38	97562.3		-3.5		379.0000028
					7.4	97556.31		-3.5		379.4889471
					7.42	97551.95		-3.5		379.8448623
					7.45	97545.02		-3.5		380.4106105
					7.47	97545.12		-3.5		380.4024464
					7.49	97533.02		-3.5		381.3903741
					7.51	97531.23		-3.5		381.5365345
					7.53	97526.06		-3.5		381.9587028
					7.55	97514.05		-3.5		382.9395099
					7.57	97510.53		-3.5		383.227001
					7.59	97505.36		-3.5		383.649276
					7.61	97505.36		-3.5		383.649276
					7.63	97499.37		-3.5		384.1385602
					7.66	97489.83		-3.5		384.9178947
					7.68	97489.83		-3.5		384.9178947
					7.7	97476.88		-3.5		385.9759417
					7.72	97477.81		-3.5		385.8999528
					7.75	97476.88		-3.5		385.9759417
					7.77	97471.8		-3.5		386.3910359
					7.79	97468.31		-3.5		386.6762238
					7.81	97461.35		-3.5		387.2450016
					7.83	97453.59		-3.5		387.8792132
					7.85	97458.77		-3.5		387.4558539
					7.87	97453.59		-3.5		387.8792132
					7.89	97438.05		-3.5		389.1494516
					7.91	97447.5		-3.5		388.3769806
					7.93	97432.88		-3.5		389.5721004
					7.96	97430.29		-3.5		389.7838437
					7.98	97429.38		-3.5		389.8582415
					8	97425.11		-3.5		390.2073502
					8.02	97419.03		-3.5		390.7044731
					8.04	97413.85		-3.5		391.1280379
					8.06	97412.17		-3.5		391.2654161
					8.08	97409.58		-3.5		391.4772129
					8.1	97403.5		-3.5		391.9744302
					8.12	97404.41		-3.5		391.9000088
					8.15	97392.31		-3.5		392.8896355
					8.17	97393.14		-3.5		392.8217473
					8.19	97394.05		-3.5		392.7473165
					8.22	97386.29		-3.5		393.3820498
					8.24	97381.11		-3.5		393.8057841
					8.26	97369.95		-3.5		394.7187854
					8.28	97385.48		-3.5		393.4483076
					8.3	97368.17		-3.5		394.864419
					8.32	97374.19		-3.5		394.3718957
					8.34	97370.76		-3.5		394.652515
					8.36	97354.32		-3.5		395.9976875
					8.38	97362.89		-3.5		395.2964294
					8.4	97362.09		-3.5		395.361888
					8.43	97356.91		-3.5		395.7857476
					8.45	97353.48		-3.5		396.0664262
					8.47	97340.54		-3.5		397.1254188
					8.49	97343.97		-3.5		396.8446958
					8.51	97339.7		-3.5		397.1941691
					8.53	97341.38		-3.5		397.0566692
					8.55	97334.52		-3.5		397.6181448
					8.57	97336.2		-3.5		397.4806362
					8.59	97331.94		-3.5		397.8293242
					8.61	97345.62		-3.5		396.7096583
					8.64	97325.85		-3.5		398.3278322
					8.66	97318.99		-3.5		398.8894144
					8.68	97325.85		-3.5		398.3278322
					8.7	97320.67		-3.5		398.7518797
					8.73	97320.67		-3.5		398.7518797
					8.75	97316.41		-3.5		399.1006339
					8.77	97313.81		-3.5		399.3134975
					8.79	97310.32		-3.5		399.5992366
					8.81	97311.23		-3.5		399.5247304
					8.83	97304.3		-3.5		400.0921447
					8.85	97310.32		-3.5		399.5992366
					8.87	97307.73		-3.5		399.8112973
					8.9	97300.88		-3.5		400.3721851
					8.92	97306.05		-3.5		399.9488537
					8.94	97306.79		-3.5		399.888263
					8.96	97300.77		-3.5		400.3811925
					8.98	97294.79		-3.5		400.8708825
					9	97299.97		-3.5		400.4467008
					9.02	97305.14		-3.5		400.0233647
					9.04	97301.61		-3.5		400.3124094
					9.06	97289.61		-3.5		401.2950912
					9.08	97293.95		-3.5		400.9396713
					9.1	97294.79		-3.5		400.8708825
					9.13	97299.02		-3.5		400.5244927
					9.15	97297.38		-3.5		400.6587883
					9.17	97299.97		-3.5		400.4467008
					9.19	97291.26		-3.5		401.1599639
					9.22	97279.27		-3.5		402.141951
					9.24	97287.02		-3.5		401.5072056
					9.26	97291.26		-3.5		401.1599639
					9.28	97283.49		-3.5		401.7963144
					9.3	97283.59		-3.5		401.7881242
					9.32	97281.84		-3.5		401.9314546
					9.34	97287.02		-3.5		401.5072056
					9.36	97281.84		-3.5		401.9314546
					9.39	97282.66		-3.5		401.8642937
					9.41	97285.24		-3.5		401.6529869
					9.43	97284.44		-3.5		401.7185077
					9.45	97283.49		-3.5		401.7963144
					9.47	97284.34		-3.5		401.7266978
					9.49	97286.08		-3.5		401.5841908
					9.51	97286.08		-3.5		401.5841908
					9.53	97286.08		-3.5		401.5841908
					9.55	97288.67		-3.5		401.372074
					9.57	97293.84		-3.5		400.9486794
					9.6	97291.26		-3.5		401.1599639
					9.62	97286.08		-3.5		401.5841908
					9.64	97285.24		-3.5		401.6529869
					9.66	97286.08		-3.5		401.5841908
					9.68	97289.61		-3.5		401.2950912
					9.71	97290.42		-3.5		401.2287556
					9.73	97284.44		-3.5		401.7185077
					9.75	97290.42		-3.5		401.2287556
					9.77	97288.77		-3.5		401.3638843
					9.79	97293.01		-3.5		401.01665
					9.81	97292.2		-3.5		401.0829835
					9.83	97292.91		-3.5		401.0248393
					9.85	97294.69		-3.5		400.8790716
					9.88	97289.52		-3.5		401.3024618
					9.9	97299.02		-3.5		400.5244927
					9.92	97299.02		-3.5		400.5244927
					9.94	97301.61		-3.5		400.3124094
					9.96	97301.61		-3.5		400.3124094
					9.98	97302.45		-3.5		400.2436271
					10	97311.97		-3.5		399.4641435
					10.02	97308.44		-3.5		399.7531641
					10.04	97302.45		-3.5		400.2436271
					10.06	97415.5		-3.5		390.9931157
					10.09	97570.81		-3.5		378.3054205
					10.11	97482.8		-3.5		385.4922423
					10.13	97504.35		-3.5		383.7317738
					10.15	97429.38		-3.5		389.8582415
					10.17	97363.73		-3.5		395.2276986
					10.2	97355.13		-3.5		395.9314045
					10.22	97261.95		-3.5		403.5607222
					10.24	97149.84		-4.6		411.0677508
					10.26	97061.84		-4.6		418.2613837
					10.28	97023.02		-4.6		421.4372246
					10.31	97004.91		-4.6		422.9193103
					10.33	96910.06		-4.6		430.6870248
					10.35	96908.2		-4.6		430.8394395
					10.37	96872.92		-4.6		433.7310605
					10.39	96834.09		-4.6		436.9150962
					10.41	96842.66		-4.6		436.2122309
					10.43	96767.61		-4.6		442.3699441
					10.45	96734.92		-4.6		445.0538754
					10.47	96892.67		-4.6		432.1121557
					10.49	96941.13		-4.6		428.1415596
					10.52	97007.5		-4.6		422.7073298
					10.54	96967		-4.6		426.0228543
					10.56	96891.95		-4.6		432.1711671
					10.58	96844.45		-4.6		436.0654341
					10.6	96863.48		-4.6		434.5049948
					10.62	96868.66		-4.6		434.0803037
					10.64	96889.36		-4.6		432.3834485
					10.66	96859.14		-4.6		434.860838
					10.68	96857.5		-4.6		434.995309
					10.71	96873.83		-4.6		433.6564593
					10.73	96886.88		-4.6		432.5867205
					10.75	96886.05		-4.6		432.6547524
					10.77	96887.83		-4.6		432.5088535
					10.8	96931.72		-4.6		428.9123881
					10.82	96894.64		-4.6		431.9506966
					10.84	96899.94		-4.6		431.5163337
					10.86	96909.34		-4.6		430.7460236
					10.88	96892.17		-4.6		432.1531358
					10.9	96949.11		-4.6		427.4879405
					10.92	96958.63		-4.6		426.7082682
					10.94	96958.63		-4.6		426.7082682
					10.96	96967.22		-4.6		426.0048396
					10.98	96996.63		-4.6		423.5970384
					11.01	97066.51		-4.6		417.8794356
					11.03	97070.73		-4.6		417.5343108
					11.05	97088.95		-4.6		416.0444272
					11.07	97158		-4.6		410.4010978
					11.09	97201.99		-4.6		406.8083647
					11.11	97296.84		-3.5		400.7030081
					11.13	97340.09		-3.5		397.1622492
					11.15	97552.33		-3.5		379.8138414
					11.17	97555.01		-3.5		379.5950667
					11.2	97509.36		-3.5		383.3225619
					11.22	97402.41		-3.5		392.0635733
					11.24	97304.06		-3.5		400.1117963
					11.27	97255.84		-3.5		404.0612958
					11.29	97267.84		-3.5		403.078208
					11.31	97324.77		-3.5		398.4162414
					11.33	97342.14		-3.5		396.9944678
					11.35	97291.13		-3.5		401.1706102
					11.37	97238.63		-4.6		403.8173948
					11.39	97271.37		-3.5		402.7890438
					11.41	97306.76		-3.5		399.8907194
					11.43	97336.06		-3.5		397.4920952
					11.45	97353.34		-3.5		396.0778828
					11.48	97392.16		-3.5		392.9019045
					11.5	97405.94		-3.5		391.7748846
					11.52	97408.52		-3.5		391.5638961
					11.54	97429.33		-3.5		389.8623293
					11.56	97443.08		-3.5		388.7382734
					11.58	97441.42		-3.5		388.8739676
					11.6	97440.48		-3.5		388.9508077
					11.62	97443.08		-3.5		388.7382734
					11.65	97452.62		-3.5		387.9584938
					11.67	97461.19		-3.5		387.2580775
					11.69	97453.42		-3.5		387.8931076
					11.71	97433.66		-3.5		389.5083335
					11.73	97419.78		-3.5		390.6431484
					11.76	97414.61		-3.5		391.0658916
					11.78	97402.61		-3.5		392.0472167
					11.8	97418.13		-3.5		390.7780636
					11.82	97413.8		-3.5		391.1321265
					11.84	97417.2		-3.5		390.8541078
					11.86	97460.38		-3.5		387.3242747
					11.88	97447.44		-3.5		388.3818849
					11.9	97458.59		-3.5		387.4705648
					11.93	97466.36		-3.5		386.8355748
					11.95	97494.02		-3.5		384.5755972
					11.97	97492.24		-3.5		384.7210102
					11.99	97495.77		-3.5		384.432638
					12.01	97506.13		-3.5		383.5863823
					12.03	97509.55		-3.5		383.3070434
					12.05	97511.3		-3.5		383.1641113
					12.07	97521.55		-3.5		382.326999
					12.09	97526.83		-3.5		381.895825
					12.11	97526.83		-3.5		381.895825
					12.14	97541.52		-3.5		380.6963601
					12.16	97549.18		-3.5		380.0709926
					12.18	97553.55		-3.5		379.714249
					12.21	97558.81		-3.5		379.2848759
					12.23	97563.05		-3.5		378.9387853
					12.25	97556.23		-3.5		379.4954775
					12.27	97561.41		-3.5		379.0726484
					12.29	97557.88		-3.5		379.3607897
					12.31	97568.23		-3.5		378.5159913
					12.33	97567.3		-3.5		378.5918963
					12.35	97565.64		-3.5		378.7273849
					12.38	97552.7		-3.5		379.783637
					12.4	97564.7		-3.5		378.8041086
					12.42	97563.9		-3.5		378.869406
					12.44	97553.55		-3.5		379.714249
					12.46	97563.05		-3.5		378.9387853
					12.48	97563.05		-3.5		378.9387853
					12.5	97556.13		-3.5		379.5036405
					12.52	97559.53		-3.5		379.2261045
					12.55	97569.08		-3.5		378.4466164
					12.57	97573.41		-3.5		378.093224
					12.59	97582.91		-3.5		377.3179481
					12.61	97594.11		-3.5		376.4040539
					12.63	97588.09		-3.5		376.8952565
					12.65	97582.11		-3.5		377.383231
					12.67	97603.63		-3.5		375.627342
					12.7	97603.63		-3.5		375.627342
					12.72	97606.3		-3.5		375.4095199
					12.74	97614.81		-3.5		374.7153102
					12.76	97616.66		-3.5		374.5644046
					12.78	97621.83		-3.5		374.1427026
					12.81	97639.04		-3.5		372.739124
					12.83	97633.02		-3.5		373.2300576
					12.85	97633.87		-3.5		373.1607375
					12.87	97644.22		-3.5		372.3167217
					12.89	97642.53		-3.5		372.4545295
					12.91	97642.53		-3.5		372.4545295
					12.93	97651.23		-3.5		371.7451347
					12.95	97660.65		-3.5		370.9771161
					12.97	97658.06		-3.5		371.1882716
					12.99	97662.42		-3.5		370.8328167
					13.02	97666.76		-3.5		370.479011
					13.04	97668.5		-3.5		370.3371679
					13.06	97677.11		-3.5		369.6353334
					13.08	97674.52		-3.5		369.8464466
					13.1	97681.44		-3.5		369.2824061
					13.12	97683.22		-3.5		369.1373282
					13.14	97686.71		-3.5		368.8528869
					13.16	97680.63		-3.5		369.3484257
					13.19	97690.98		-3.5		368.5048907
					13.21	97692.64		-3.5		368.369609
					13.23	97701.34		-3.5		367.6606471
					13.26	97700.48		-3.5		367.7307251
					13.28	97706.51		-3.5		367.2393801
					13.3	97709.91		-3.5		366.9623524
					13.32	97710.84		-3.5		366.8865792
					13.34	97716.02		-3.5		366.4645463
					13.36	97717.67		-3.5		366.3301205
					13.38	97722.04		-3.5		365.974109
					13.4	97716.86		-3.5		366.396111
					13.42	97724.63		-3.5		365.7631179
					13.44	97724.63		-3.5		365.7631179
					13.47	97732.39		-3.5		365.1309993
					13.49	97724.63		-3.5		365.7631179
					13.51	97725.53		-3.5		365.6898021
					13.53	97731.55		-3.5		365.1994216
					13.55	97735.88		-3.5		364.8467283
					13.57	97742.74		-3.5		364.2879959
					13.59	97736.72		-3.5		364.7783096
					13.61	97746.23		-3.5		364.0037608
					13.63	97752.34		-3.5		363.5061747
					13.65	97763.53		-3.5		362.5949797
					13.68	97771.3		-3.5		361.9623463
					13.7	97761.75		-3.5		362.7399158
					13.72	97775.63		-3.5		361.6098236
					13.75	97773.97		-3.5		361.7449687
					13.77	97784.33		-3.5		360.9015779
					13.79	97786.91		-3.5		360.6915609
					13.81	97784.33		-3.5		360.9015779
					13.83	97798.16		-3.5		359.7758659
					13.85	97804.19		-3.5		359.285105
					13.87	97811.02		-3.5		358.7292783
					13.89	97805.92		-3.5		359.1443129
					13.91	97803.34		-3.5		359.3542813
					13.94	97822.3		-3.5		357.8114109
					13.96	97821.45		-3.5		357.8805721
					13.98	97817.2		-3.5		358.2263885
					14	97826.63		-3.5		357.459107
					14.02	97830.14		-3.5		357.1735348
					14.04	97836.16		-3.5		356.6837783
					14.06	97833.58		-3.5		356.8936695
					14.08	97843.93		-3.5		356.0517038
					14.1	97844.83		-3.5		355.9784944
					14.13	97841.43		-3.5		356.2550675
					14.15	97846.6		-3.5		355.8345182
					14.17	97858.61		-3.5		354.8576772
					14.19	97851.78		-3.5		355.4131821
					14.22	97856.95		-3.5		354.9926858
					14.24	97864.72		-3.5		354.3607711
					14.26	97869.89		-3.5		353.940341
					14.28	97862.13		-3.5		354.5714027
					14.3	97873.38		-3.5		353.6565453
					14.32	97872.48		-3.5		353.7297293
					14.34	97873.3		-3.5		353.6630505
					14.36	97875.88		-3.5		353.4532607
					14.39	97883.64		-3.5		352.8223045
					14.41	97886.23		-3.5		352.611728
					14.43	97888.01		-3.5		352.4670113
					14.45	97887.08		-3.5		352.5426213
					14.47	97894.84		-3.5		351.9117511
					14.49	97894.84		-3.5		351.9117511
					14.51	97892.25		-3.5		352.1223055
					14.53	97895.77		-3.5		351.8361482
					14.55	97905.19		-3.5		351.0704123
					14.57	97911.22		-3.5		350.5802899
					14.6	97907.78		-3.5		350.859891
					14.62	97900.95		-3.5		351.4150639
					14.64	97915.55		-3.5		350.2283667
					14.66	97914.7		-3.5		350.2974495
					14.68	97909.52		-3.5		350.7184634
					14.71	97915.55		-3.5		350.2283667
					14.73	97925.05		-3.5		349.4563139
					14.75	97930.31		-3.5		349.0288787
					14.77	97919.06		-3.5		349.9431031
					14.79	97934.59		-3.5		348.6811
					14.81	97929.41		-3.5		349.1020121
					14.84	97932		-3.5		348.8915527
					14.86	97940.58		-3.5		348.1944026
					14.88	97944.01		-3.5		347.9157254
					14.9	97950.11		-3.5		347.4201474
					14.92	97950.11		-3.5		347.4201474
					14.94	97954.36		-3.5		347.0748893
					14.96	97969.13		-3.5		345.8751547
					14.98	97970.81		-3.5		345.7387056
					15	97976.08		-3.5		345.310696
					15.02	97977.73		-3.5		345.1766948
					15.05	97979.48		-3.5		345.0345752
					15.07	97984.66		-3.5		344.6139191
					15.09	97984.66		-3.5		344.6139191
					15.11	97991.52		-3.5		344.0568747
					15.13	97994.19		-3.5		343.8400784
					15.15	98001.95		-3.5		343.2100288
					15.17	98002.84		-3.5		343.1377717
					15.2	98008.88		-3.5		342.6474186
					15.22	98012.39		-3.5		342.3624783
					15.24	98023.55		-3.5		341.4565949
					15.26	98024.4		-3.5		341.3876035
					15.28	98024.48		-3.5		341.3811102
					15.31	98036.48		-3.5		340.40719
					15.33	98029.58		-3.5		340.9671767
					15.35	98033.91		-3.5		340.6157593
					15.37	98035.67		-3.5		340.4729251
					15.39	98038.27		-3.5		340.2619257
					15.41	98039.08		-3.5		340.1961926
					15.43	98043.44		-3.5		339.8423812
					15.45	98051.2		-3.5		339.2127083
					15.48	98045.1		-3.5		339.7076782
					15.5	98048.62		-3.5		339.4220517
					15.52	98054.6		-3.5		338.9368393
					15.54	98056.38		-3.5		338.7924183
					15.56	98051.2		-3.5		339.2127083
					15.58	98053.79		-3.5		339.00256
					15.6	98068.39		-3.5		337.8180639
					15.62	98074.49		-3.5		337.3232339
					15.64	98076.16		-3.5		337.1877705
					15.66	98071.91		-3.5		337.5325182
					15.69	98086.5		-3.5		336.3490937
					15.71	98094.27		-3.5		335.7189387
					15.73	98090.02		-3.5		336.0636107
					15.76	98112.38		-3.5		334.2504297
					15.78	98101.19		-3.5		335.1577696
					15.8	98110.72		-3.5		334.3850228
					15.82	98116.71		-3.5		333.8993651
					15.84	98115.89		-3.5		333.9658471
					15.86	98117.55		-3.5		333.8312624
					15.88	98124.39		-3.5		333.2767371
					15.9	98128.76		-3.5		332.9224812
					15.93	98134.75		-3.5		332.4369298
					15.95	98134.75		-3.5		332.4369298
					15.97	98134.75		-3.5		332.4369298
					15.99	98145.17		-3.5		331.5923652
					16.01	98144.28		-3.5		331.6644975
					16.03	98152.94		-3.5		330.9626585
					16.05	98152.05		-3.5		331.0347841
					16.08	98148.61		-3.5		331.3135688
					16.1	98164.14		-3.5		330.0550776
					16.12	98158.11		-3.5		330.5436974
					16.14	98166.73		-3.5		329.8452171
					16.16	98167.66		-3.5		329.7698633
					16.18	98183.18		-3.5		328.5124729
					16.21	98184.84		-3.5		328.377998
					16.23	98179.66		-3.5		328.7976335
					16.25	98182.33		-3.5		328.5813316
					16.27	98195.19		-3.5		327.539616
					16.29	98183.18		-3.5		328.5124729
					16.32	98191.84		-3.5		327.8109648
					16.34	98192.68		-3.5		327.7429241
					16.36	98199.52		-3.5		327.1889038
					16.38	98198.7		-3.5		327.255319
					16.4	98208.2		-3.5		326.4859149
					16.42	98213.38		-3.5		326.0664245
					16.44	98219.41		-3.5		325.578132
					16.46	98218.56		-3.5		325.6469605
					16.48	98210.88		-3.5		326.268878
					16.5	98222.89		-3.5		325.2963476
					16.53	98222.07		-3.5		325.362744
					16.55	98226.41		-3.5		325.0113364
					16.57	98232.42		-3.5		324.5247402
					16.59	98235.02		-3.5		324.3142437
					16.61	98237.6		-3.5		324.1053729
					16.63	98243.59		-3.5		323.6204617
					16.65	98236.75		-3.5		324.1741862
					16.67	98253.13		-3.5		322.8482384
					16.7	98252.28		-3.5		322.9170387
					16.72	98257.45		-3.5		322.4985817
					16.74	98260.05		-3.5		322.288149
					16.77	98272.98		-3.5		321.2417494
					16.79	98278.16		-3.5		320.8225881
					16.81	98272.13		-3.5		321.3105332
					16.83	98285.92		-3.5		320.1947046
					16.85	98291.95		-3.5		319.7068409
					16.87	98296.27		-3.5		319.3573486
					16.89	98298.86		-3.5		319.1478238
					16.91	98301.45		-3.5		318.9383055
					16.93	98301.45		-3.5		318.9383055
					16.96	98307.55		-3.5		318.4448715
					16.98	98317.89		-3.5		317.6085436
					17	98309.28		-3.5		318.304937
					17.02	98310.13		-3.5		318.2361841
					17.04	98316.2		-3.5		317.7452283
					17.06	98322.23		-3.5		317.2575436
					17.08	98329.14		-3.5		316.6987313
					17.1	98320.48		-3.5		317.3990736
					17.13	98326.55		-3.5		316.9081793
					17.15	98330.91		-3.5		316.5555988
					17.17	98332.66		-3.5		316.4140866
					17.19	98340.41		-3.5		315.7874257
					17.22	98346.52		-3.5		315.2934159
					17.24	98362.03		-3.5		314.0395549
					17.26	98360.34		-3.5		314.1761666
					17.28	98364.63		-3.5		313.8293884
					17.3	98359.45		-3.5		314.2481112
					17.32	98373.28		-3.5		313.1302284
					17.34	98368.1		-3.5		313.5489074
					17.37	98366.44		-3.5		313.6830841
					17.39	98371.61		-3.5		313.2652051
					17.41	98382.81		-3.5		312.3600247
					17.43	98393.98		-3.5		311.4573912
					17.45	98393.16		-3.5		311.5236502
					17.47	98407.84		-3.5		310.3375516
					17.49	98410.42		-3.5		310.1291174
					17.51	98407.84		-3.5		310.3375516
					17.54	98418.19		-3.5		309.5014302
					17.56	98423.36		-3.5		309.0838127
					17.58	98428.54		-3.5		308.6654135
					17.6	98429.46		-3.5		308.591106
					17.62	98426.88		-3.5		308.7994922
					17.64	98428.54		-3.5		308.6654135
					17.66	98422.52		-3.5		309.1516636
					17.68	98438.04		-3.5		307.8981472
					17.71	98441.48		-3.5		307.6203378
					17.73	98454.42		-3.5		306.5754256
					17.75	98454.42		-3.5		306.5754256
					17.77	98454.42		-3.5		306.5754256
					17.8	98457.92		-3.5		306.2928268
					17.82	98466.5		-3.5		305.6001064
					17.84	98475.12		-3.5		304.9042289
					17.86	98464.77		-3.5		305.739775
					17.88	98469.09		-3.5		305.3910126
					17.9	98480.3		-3.5		304.4860915
					17.92	98478.63		-3.5		304.6208936
					17.94	98476.85		-3.5		304.7645778
					17.97	98485.47		-3.5		304.0687874
					17.99	98501.84		-3.5		302.7476309
					18.01	98492.31		-3.5		303.5167269
					18.03	98501		-3.5		302.8154175
					18.05	98507.02		-3.5		302.3296284
					18.07	98507.84		-3.5		302.2634605
					18.09	98506.17		-3.5		302.3982178
					18.11	98510.49		-3.5		302.0496298
					18.14	98511.34		-3.5		301.9810441
					18.16	98513.02		-3.5		301.8454884
					18.18	98506.17		-3.5		302.3982178
					18.2	98528.54		-3.5		300.5933424
					18.23	98523.36		-3.5		301.0112361
					18.25	98519.95		-3.5		301.2863504
					18.27	98538.89		-3.5		299.7584399
					18.29	98536.3		-3.5		299.9673574
					18.31	98532.89		-3.5		300.2424286
					18.33	98534.63		-3.5		300.1020683
					18.35	98544.06		-3.5		299.3414311
					18.38	98548.42		-3.5		298.9897766
					18.4	98552.75		-3.5		298.64056
					18.42	98566.53		-3.5		297.529318
					18.44	98568.27		-3.5		297.3890147
					18.46	98563.09		-3.5		297.806708
					18.48	98563.09		-3.5		297.806708
					18.5	98578.63		-3.5		296.5537065
					18.53	98581.21		-3.5		296.345702
					18.55	98582.95		-3.5		296.2054235
					18.57	98594.16		-3.5		295.3017462
					18.59	98600.17		-3.5		294.8173094
					18.61	98598.47		-3.5		294.9543345
					18.63	98604.5		-3.5		294.468311
					18.65	98608.01		-3.5		294.185418
					18.67	98609.68		-3.5		294.0508264
					18.7	98604.5		-3.5		294.468311
					18.72	98616.59		-3.5		293.4939524
					18.75	98618.36		-3.5		293.3513163
					18.77	98623.47		-3.5		292.9395422
					18.79	98625.2		-3.5		292.800141
					18.81	98623.53		-3.5		292.9347074
					18.83	98627.8		-3.5		292.5906419
					18.85	98638.14		-3.5		291.757545
					18.87	98639.06		-3.5		291.6834254
					18.9	98640.8		-3.5		291.5432448
					18.92	98633.03		-3.5		292.1692462
					18.94	98649.41		-3.5		290.8496361
					18.96	98657.93		-3.5		290.1633486
					18.98	98672.64		-3.5		288.9786215
					19	98663.17		-3.5		289.7413007
					19.02	98676.95		-3.5		288.6315387
					19.04	98678.63		-3.5		288.4962538
					19.07	98682.13		-3.5		288.214419
					19.09	98678.63		-3.5		288.4962538
					19.11	98684.72		-3.5		288.0058689
					19.13	98694.16		-3.5		287.2458032
					19.15	98691.56		-3.5		287.4551347
					19.17	98702.77		-3.5		286.5526408
					19.2	98714.86		-3.5		285.5794367
					19.22	98705.42		-3.5		286.3393126
					19.24	98708.86		-3.5		286.0623987
					19.26	98710.6		-3.5		285.9223361
					19.28	98720.89		-3.5		285.0940951
					19.31	98722.63		-3.5		284.9540528
					19.33	98730.39		-3.5		284.3295323
					19.35	98735.56		-3.5		283.913486
					19.37	98729.56		-3.5		284.3963274
					19.39	98738.15		-3.5		283.7050702
					19.41	98735.56		-3.5		283.913486
					19.43	98739.06		-3.5		283.6318446
					19.45	98745.91		-3.5		283.0806665
					19.48	98746.83		-3.5		283.0066431
					19.5	98749.42		-3.5		282.7982557
					19.52	98752.86		-3.5		282.5214886
					19.54	98756.27		-3.5		282.2471464
					19.56	98760.63		-3.5		281.8963911
					19.58	98765.8		-3.5		281.4804964
					19.6	98773.56		-3.5		280.8563008
					19.62	98770.13		-3.5		281.1321945
					19.65	98770.97		-3.5		281.0646276
					19.67	98775.3		-3.5		280.7163474
					19.69	98780.47		-3.5		280.3005262
					19.72	98777.03		-3.5		280.5772012
					19.74	98791.67		-3.5		279.3998032
					19.76	98793.41		-3.5		279.2598803
					19.78	98799.5		-3.5		278.7701734
					19.8	98793.47		-3.5		279.2550554
					19.82	98798.66		-3.5		278.8377171
					19.84	98804.68		-3.5		278.3536694
					19.87	98812.44		-3.5		277.7297661
					19.89	98810.73		-3.5		277.8672449
					19.91	98815.03		-3.5		277.5215433
					19.93	98819.41		-3.5		277.1694284
					19.95	98823.67		-3.5		276.8269783
					19.97	98813.33		-3.5		277.6582139
					19.99	98817.68		-3.5		277.3085035
					20.01	98834.03		-3.5		275.9942388
					20.04	98831.5		-3.5		276.1975913
					20.06	98832.36		-3.5		276.1284668
					20.08	98843.63		-3.5		275.222681
					20.1	98837.59		-3.5		275.708109
					20.12	98840.97		-3.5		275.4364578
					20.14	98850.47		-3.5		274.6730004
					20.16	98845.3		-3.5		275.0884712
					20.18	98849.55		-3.5		274.7469314
					20.21	98861.73		-3.5		273.7682156
					20.23	98864.32		-3.5		273.5601163
					20.25	98870.31		-3.5		273.0788615
					20.28	98877.26		-3.5		272.5205208
					20.3	98878.94		-3.5		272.385562
					20.32	98879.84		-3.5		272.3132638
					20.34	98882.44		-3.5		272.1044066
					20.36	98880.73		-3.5		272.2417696
					20.38	98891.94		-3.5		271.3413302
					20.41	98892.79		-3.5		271.2730592
					20.43	98892.79		-3.5		271.2730592
					20.45	98896.26		-3.5		270.9943602
					20.47	98901.44		-3.5		270.5783411
					20.49	98908.31		-3.5		270.0266339
					20.51	98909.19		-3.5		269.9559672
					20.53	98915.16		-3.5		269.4765782
					20.55	98913.49		-3.5		269.6106752
					20.58	98923.84		-3.5		268.7796384
					20.6	98923.84		-3.5		268.7796384
					20.62	98934.19		-3.5		267.9487051
					20.64	98935.87		-3.5		267.8138387
					20.66	98929.02		-3.5		268.3637574
					20.68	98942.78		-3.5		267.2591492
					20.71	98943.69		-3.5		267.1861038
					20.73	98945.42		-3.5		267.0472394
					20.75	98953.98		-3.5		266.3601844
					20.77	98953.19		-3.5		266.4235896
					20.79	98962.66		-3.5		265.66357
					20.82	98963.54		-3.5		265.5929496
					20.84	98971.24		-3.4		265.0733189
					20.86	98971.24		-3.4		265.0733189
					20.88	98973.01		-3.4		264.9312383
					20.9	98979		-3.4		264.4504341
					20.92	98980.77		-3.4		264.3083667
					20.94	98981.59		-3.4		264.2425512
					20.97	98982.45		-3.4		264.1735259
					20.99	98987.63		-3.4		263.7577839
					21.01	98995.45		-3.4		263.1302069
					21.03	98995.39		-3.4		263.1350219
					21.05	99005.73		-3.4		262.3052978
					21.07	99004		-3.4		262.4441129
					21.09	99002.23		-3.4		262.5861406
					21.11	99003.15		-3.4		262.5123179
					21.14	99008.33		-3.4		262.0966793
					21.16	99015.17		-3.4		261.5478835
					21.18	99020.35		-3.4		261.1323049
					21.2	99019.53		-3.4		261.1980898
					21.23	99022.18		-3.4		260.9854948
					21.25	99026.44		-3.4		260.6437524
					21.27	99022.18		-3.4		260.9854948
					21.29	99034.2		-3.4		260.0212809
					21.31	99039.38		-3.4		259.6057974
					21.33	99032.53		-3.4		260.1552357
					21.35	99043.7		-3.4		259.2593136
					21.37	99060.08		-3.4		257.9457257
					21.4	99057.5		-3.4		258.1526107
					21.42	99050.64		-3.4		258.7027314
					21.44	99061		-3.4		257.8719544
					21.46	99062.73		-3.4		257.7332343
					21.48	99067.91		-3.4		257.3178932
					21.5	99070.44		-3.4		257.115043
					21.52	99072.23		-3.4		256.9715281
					21.55	99077.4		-3.4		256.5570362
					21.57	99077.4		-3.4		256.5570362
					21.59	99092.93		-3.4		255.3121116
					21.61	99082.58		-3.4		256.1417683
					21.63	99087.75		-3.4		255.7273278
					21.65	99096.42		-3.4		255.0323762
					21.67	99101.6		-3.4		254.6172031
					21.7	99098.1		-3.4		254.8977226
					21.72	99101.6		-3.4		254.6172031
					21.74	99105.92		-3.4		254.2709782
					21.76	99111.95		-3.4		253.7877359
					21.79	99106.78		-3.4		254.2020559
					21.81	99122.3		-3.4		252.9583718
					21.83	99124.89		-3.4		252.7508466
					21.85	99128.34		-3.4		252.4744234
					21.87	99130.06		-3.4		252.3366167
					21.89	99138.69		-3.4		251.6452225
					21.91	99143.01		-3.4		251.2991517
					21.93	99143.01		-3.4		251.2991517
					21.95	99149.91		-3.4		250.746437
					21.98	99162.85		-3.4		249.7100201
					22	99158.53		-3.4		250.0560084
					22.02	99158.53		-3.4		250.0560084
					22.04	99161.13		-3.4		249.8477725
					22.06	99167.2		-3.4		249.3616471
					22.08	99163.71		-3.4		249.6411449
					22.1	99172.38		-3.4		248.9468268
					22.12	99179.23		-3.4		248.3983105
					22.15	99180.97		-3.4		248.2589865
					22.17	99199.94		-3.4		246.7402237
					22.19	99193.09		-3.4		247.2886037
					22.22	99196.5		-3.4		247.0156089
					22.24	99201.63		-3.4		246.6049369
					22.26	99205.12		-3.4		246.3255663
					22.28	99205.12		-3.4		246.3255663
					22.3	99206.8		-3.4		246.1910884
					22.32	99217.14		-3.4		245.3634682
					22.34	99222.32		-3.4		244.9488964
					22.37	99217.14		-3.4		245.3634682
					22.39	99224.91		-3.4		244.7416201
					22.41	99221.5		-3.4		245.0145219
					22.43	99227.5		-3.4		244.5343502
					22.45	99240.44		-3.4		243.4988978
					22.47	99232.67		-3.4		244.1206301
					22.49	99235.27		-3.4		243.9125794
					22.51	99232.67		-3.4		244.1206301
					22.54	99243.02		-3.4		243.2924667
					22.56	99243.94		-3.4		243.2188571
					22.58	99252.55		-3.4		242.5300071
					22.6	99253.38		-3.4		242.463606
					22.62	99268.91		-3.4		241.2213079
					22.64	99262.05		-3.4		241.7700344
					22.67	99266.31		-3.4		241.4292747
					22.69	99271.49		-3.4		241.0149473
					22.71	99275.84		-3.4		240.667028
					22.74	99272.41		-3.4		240.9413628
					22.76	99276.67		-3.4		240.6006455
					22.78	99276.72		-3.4		240.5966466
					22.8	99287.93		-3.4		239.7001478
					22.82	99293.96		-3.4		239.2179597
					22.84	99297.38		-3.4		238.9444954
					22.86	99308.58		-3.4		238.0490181
					22.88	99310.31		-3.4		237.9107096
					22.91	99307.72		-3.4		238.1177737
					22.93	99310.31		-3.4		237.9107096
					22.95	99312.02		-3.4		237.7740028
					22.97	99323.25		-3.4		236.8762846
					22.99	99316.39		-3.4		237.4246537
					23.01	99325.02		-3.4		236.7348031
					23.03	99325.84		-3.4		236.669259
					23.05	99325.84		-3.4		236.669259
					23.08	99332.73		-3.4		236.1185542
					23.1	99336.19		-3.4		235.84202
					23.12	99337.05		-3.4		235.7732879
					23.14	99342.23		-3.4		235.3593115
					23.16	99346.55		-3.4		235.0140845
					23.18	99358.66		-3.4		234.0464253
					23.21	99351.72		-3.4		234.6009544
					23.23	99359.48		-3.4		233.9809076
					23.25	99362.08		-3.4		233.7731729
					23.27	99365.52		-3.4		233.4983338
					23.3	99377.6		-3.4		232.5332909
					23.32	99377.6		-3.4		232.5332909
					23.34	99389.67		-3.4		231.5691863
					23.36	99387.95		-3.4		231.7065647
					23.38	99394.84		-3.4		231.1562695
					23.4	99387.08		-3.4		231.7760537
					23.42	99398.3		-3.4		230.879941
					23.44	99404.34		-3.4		230.3975915
					23.47	99403.48		-3.4		230.4662682
					23.49	99404.39		-3.4		230.3935986
					23.51	99413.84		-3.4		229.6389997
					23.53	99412.15		-3.4		229.7739429
					23.55	99418.19		-3.4		229.2916734
					23.57	99425.09		-3.4		228.740779
					23.59	99422.5		-3.4		228.9475586
					23.61	99432.86		-3.4		228.1204785
					23.64	99432.86		-3.4		228.1204785
					23.66	99438.94		-3.4		227.6351356
					23.68	99441.52		-3.4		227.4291948
					23.7	99445.8		-3.4		227.0875707
					23.73	99447.53		-3.4		226.9494893
					23.75	99452.7		-3.4		226.5368583
					23.77	99450.97		-3.4		226.6749312
					23.79	99451.88		-3.4		226.6023029
					23.81	99457.05		-3.4		226.1896935
					23.83	99462.23		-3.4		225.7763116
					23.85	99480.34		-3.4		224.3312723
					23.88	99477.75		-3.4		224.5379153
					23.9	99478.63		-3.4		224.4677038
					23.92	99483.8		-3.4		224.0552264
					23.94	99488.98		-3.4		223.6419768
					23.96	99489.84		-3.4		223.5733703
					23.98	99494.16		-3.4		223.2287528
					24	99498.46		-3.4		222.8857484
					24.02	99499.33		-3.4		222.816352
					24.05	99495.03		-3.4		223.1593528
					24.07	99500.2		-3.4		222.7469563
					24.09	99514.03		-3.4		221.6439012
					24.11	99519.21		-3.4		221.230801
					24.13	99523.48		-3.4		220.8902917
					24.15	99513.14		-3.4		221.7148805
					24.17	99528.66		-3.4		220.4772381
					24.2	99529.52		-3.4		220.4086641
					24.22	99529.52		-3.4		220.4086641
					24.24	99539.87		-3.4		219.5834396
					24.27	99538.16		-3.4		219.719774
					24.29	99543.33		-3.4		219.3075902
					24.31	99543.33		-3.4		219.3075902
					24.33	99547.63		-3.4		218.9647875
					24.35	99564.89		-3.4		217.5889707
					24.37	99559.72		-3.4		218.0010483
					24.39	99569.2		-3.4		217.2454594
					24.41	99561.44		-3.4		217.8639519
					24.44	99562.31		-3.4		217.7946078
					24.46	99565.8		-3.4		217.5164413
					24.48	99567.48		-3.4		217.382543
					24.5	99568.38		-3.4		217.3108128
					24.52	99569.2		-3.4		217.2454594
					24.54	99579.56		-3.4		216.4198293
					24.56	99592.5		-3.4		215.3887323
					24.58	99585.59		-3.4		215.9393214
					24.6	99594.27		-3.4		215.2477059
					24.63	99588.2		-3.4		215.7313511
					24.65	99599.44		-3.4		214.8357985
					24.67	99600.27		-3.4		214.7696725
					24.69	99601.13		-3.4		214.7011572
					24.72	99614.08		-3.4		213.6695294
					24.74	99612.39		-3.4		213.8041498
					24.76	99621.84		-3.4		213.0514258
					24.78	99631.32		-3.4		212.2963976
					24.8	99621.84		-3.4		213.0514258
					24.82	99628.74		-3.4		212.5018715
					24.85	99629.6		-3.4		212.4333795
					24.87	99652.89		-3.4		210.5787881
					24.89	99639.95		-3.4		211.6091414
					24.91	99643.45		-3.4		211.3304366
					24.93	99649.45		-3.4		210.8526841
					24.95	99648.63		-3.4		210.9179749
					24.97	99650.3		-3.4		210.7850053
					25	99653.8		-3.4		210.5063349
					25.02	99653.8		-3.4		210.5063349
					25.04	99659.8		-3.4		210.0286414
					25.06	99660.7		-3.4		209.9569904
					25.08	99661.56		-3.4		209.8885245
					25.1	99674.49		-3.4		208.8592331
					25.12	99671.02		-3.4		209.1354465
					25.14	99681.36		-3.4		208.312412
					25.17	99677.91		-3.4		208.5870109
					25.19	99681.36		-3.4		208.312412
					25.21	99686.54		-3.4		207.900137
					25.24	99686.54		-3.4		207.900137
					25.26	99684.85		-3.4		208.0346409
					25.28	99692.61		-3.4		207.4170595
					25.3	99701.2		-3.4		206.7334891
					25.32	99704.65		-3.4		206.4589666
					25.34	99712.41		-3.4		205.8415312
					25.36	99720.17		-3.4		205.224153
					25.38	99708.97		-3.4		206.1152326
					25.41	99703.79		-3.4		206.5273972
					25.43	99718.45		-3.4		205.3609896
					25.45	99721.03		-3.4		205.1557357
					25.47	99728.8		-3.4		204.5376255
					25.49	99726.21		-3.4		204.7436559
					25.51	99738.3		-3.4		203.7819702
					25.53	99746.92		-3.4		203.0963866
					25.55	99749.51		-3.4		202.8904072
					25.57	99746.06		-3.4		203.1647827
					25.59	99750.38		-3.4		202.8212186
					25.62	99759		-3.4		202.1357338
					25.64	99771.04		-3.4		201.1783997
					25.66	99775.39		-3.4		200.8325528
					25.68	99771.94		-3.4		201.1068437
					25.71	99780.56		-3.4		200.4215352
					25.73	99777.98		-3.4		200.6266433
					25.75	99779.7		-3.4		200.4899039
					25.77	99786.61		-3.4		199.9405893
					25.79	99788.33		-3.4		199.8038639
					25.81	99793.51		-3.4		199.3921148
					25.83	99790.92		-3.4		199.5979862
					25.85	99797.82		-3.4		199.0495399
					25.88	99791.78		-3.4		199.5296266
					25.9	99809.03		-3.4		198.1586096
					25.92	99809.03		-3.4		198.1586096
					25.94	99818.53		-3.4		197.4036772
					25.96	99814.21		-3.4		197.7469622
					25.98	99815.94		-3.4		197.6094872
					26	99825.43		-3.4		196.8554115
					26.02	99828.88		-3.4		196.5812956
					26.04	99832.37		-3.4		196.3040129
					26.07	99830.61		-3.4		196.4438446
					26.09	99832.37		-3.4		196.3040129
					26.11	99848.72		-3.4		195.0051491
					26.13	99848.72		-3.4		195.0051491
					26.15	99847		-3.4		195.141776
					26.17	99853.9		-3.4		194.5936964
					26.2	99847		-3.4		195.141776
					26.22	99847		-3.4		195.141776
					26.24	99856.49		-3.4		194.3879796
					26.26	99871.2		-3.4		193.2197238
					26.28	99867.7		-3.4		193.4976723
					26.3	99872.02		-3.4		193.1546061
					26.33	99878.95		-3.4		192.6043077
					26.35	99871.2		-3.4		193.2197238
					26.37	99883.23		-3.4		192.2644636
					26.39	99883.23		-3.4		192.2644636
					26.41	99890.14		-3.4		191.7158266
					26.43	99889.31		-3.4		191.7817242
					26.45	99886.72		-3.4		191.9873605
					26.47	99897.91		-3.4		191.0989617
					26.49	99901.36		-3.4		190.8250824
					26.51	99907.42		-3.4		190.3440348
					26.53	99915.19		-3.4		189.7272968
					26.56	99915.19		-3.4		189.7272968
					26.58	99925.55		-3.4		188.9050684
					26.6	99928.13		-3.4		188.7003207
					26.62	99924.64		-3.4		188.9772871
					26.64	99936.72		-3.4		188.0186673
					26.66	99929.82		-3.4		188.5662064
					26.68	99942.77		-3.4		187.5386157
					26.71	99940.17		-3.4		187.7449147
					26.73	99947.94		-3.4		187.1284172
					26.75	99949.67		-3.4		186.9911611
					26.77	99955.7		-3.4		186.5127702
					26.8	99955.7		-3.4		186.5127702
					26.82	99960.88		-3.4		186.1018416
					26.84	99960.88		-3.4		186.1018416
					26.86	99955.7		-3.4		186.5127702
					26.88	99972.96		-3.4		185.1436354
					26.9	99972.96		-3.4		185.1436354
					26.92	99967.78		-3.4		185.554505
					26.94	99985.91		-3.4		184.1165725
					26.96	99985.91		-3.4		184.1165725
					26.99	99993.66		-3.4		183.5019966
					27.01	99989.35		-3.4		183.8437731
					27.03	99989.35		-3.4		183.8437731
					27.05	100003.19		-3.4		182.7463443
					27.07	100000.6		-3.4		182.951702
					27.09	100001.43		-3.4		182.8858917
					27.11	100000.6		-3.4		182.951702
					27.13	100010.09		-3.4		182.1992833
					27.15	100023		-3.4		181.1758449
					27.17	100020.41		-3.4		181.3811542
					27.2	100023		-3.4		181.1758449
					27.22	100029.91		-3.4		180.6281202
					27.24	100042.02		-3.4		179.6683235
					27.26	100031.66		-3.4		180.4894127
					27.29	100038.53		-3.4		179.9449147
					27.31	100050.64		-3.4		178.9852164
					27.33	100044.6		-3.4		179.4638595
					27.35	100056.68		-3.4		178.5066076
					27.37	100059.27		-3.4		178.3013869
					27.39	100061.86		-3.4		178.0961726
					27.41	100067.03		-3.4		177.6865551
					27.43	100059.3		-3.4		178.2990099
					27.45	100071.34		-3.4		177.3450943
					27.48	100082.56		-3.4		176.4562694
					27.5	100079.11		-3.4		176.7295586
					27.52	100085.19		-3.4		176.2479435
					27.54	100080		-3.4		176.6590568
					27.56	100099.81		-3.4		175.0899918
					27.58	100089.47		-3.4		175.9089327
					27.6	100095.53		-3.4		175.4289609
					27.62	100105.89		-3.4		174.6084952
					27.64	100102.44		-3.4		174.8817086
					27.67	100105.89		-3.4		174.6084952
					27.69	100118.83		-3.4		173.583847
					27.71	100114.52		-3.4		173.9251149
					27.73	100121.42		-3.4		173.3787779
					27.75	100126.59		-3.4		172.9694504
					27.78	100124.91		-3.4		173.1024593
					27.8	100118.83		-3.4		173.583847
					27.82	100131.77		-3.4		172.5593564
					27.84	100140.43		-3.4		171.8738116
					27.86	100136.09		-3.4		172.2173668
					27.88	100145.61		-3.4		171.463785
					27.9	100150.78		-3.4		171.0545752
					27.92	100146.44		-3.4		171.3980881
					27.94	100150.78		-3.4		171.0545752
					27.97	100145.61		-3.4		171.463785
					27.99	100165.45		-3.4		169.8935692
					28.01	100167.14		-3.4		169.7598331
					28.03	100163.75		-3.4		170.0280994
					28.05	100174.11		-3.4		169.2082988
					28.07	100182.7		-3.4		168.5286371
					28.09	100175.8		-3.4		169.0745764
					28.11	100177.52		-3.4		168.938483
					28.13	100178.41		-3.4		168.8680637
					28.16	100182.7		-3.4		168.5286371
					28.18	100192.22		-3.4		167.7754726
					28.2	100193.95		-3.4		167.6386147
					28.23	100199.98		-3.4		167.1616116
					28.25	100204.3		-3.4		166.8198991
					28.27	100206.89		-3.4		166.6150381
					28.29	100210.34		-3.4		166.3421637
					28.31	100208.61		-3.4		166.478995
					28.33	100206.89		-3.4		166.6150381
					28.35	100213.79		-3.4		166.0693004
					28.37	100213.79		-3.4		166.0693004
					28.4	100225		-3.4		165.1827698
					28.42	100225		-3.4		165.1827698
					28.44	100231.91		-3.4		164.6363587
					28.46	100235.36		-3.4		164.3635653
					28.48	100232.77		-3.4		164.568357
					28.5	100246.58		-3.4		163.4764711
					28.52	100253.48		-3.4		162.9309906
					28.54	100250.89		-3.4		163.1357382
					28.56	100254.37		-3.4		162.8606347
					28.58	100258.66		-3.4		162.5215143
					28.61	100260.34		-3.4		162.3887165
					28.63	100265.55		-3.4		161.9769023
					28.65	100269		-3.4		161.7042179
					28.67	100274.18		-3.4		161.294817
					28.7	100281.94		-3.4		160.6815531
					28.72	100281.94		-3.4		160.6815531
					28.74	100285.42		-3.4		160.4065511
					28.76	100275.91		-3.4		161.1580922
					28.78	100291.44		-3.4		159.9308559
					28.8	100290.6		-3.4		159.99723
					28.82	100298.34		-3.4		159.3856658
					28.84	100305.23		-3.4		158.8413103
					28.87	100309.52		-3.4		158.5023944
					28.89	100301.78		-3.4		159.1138775
					28.91	100313		-3.4		158.2274824
					28.93	100320.77		-3.4		157.6137111
					28.95	100318.17		-3.4		157.8190851
					28.97	100325.05		-3.4		157.2756475
					28.99	100329.4		-3.4		156.9320726
					29.01	100332.01		-3.4		156.7259361
					29.03	100337.16		-3.4		156.3192104
					29.06	100339.75		-3.4		156.1146723
					29.08	100341.47		-3.4		155.9788435
					29.1	100339.75		-3.4		156.1146723
					29.12	100343.2		-3.4		155.8422278
					29.14	100344.06		-3.4		155.7743159
					29.16	100361.28		-3.4		154.4146432
					29.18	100359.59		-3.4		154.5480715
					29.21	100369.08		-3.4		153.798855
					29.23	100365.66		-3.4		154.0688474
					29.25	100369.94		-3.4		153.7309639
					29.27	100375.12		-3.4		153.322053
					29.3	100368.25		-3.4		153.8643785
					29.32	100375.12		-3.4		153.322053
					29.34	100384.61		-3.4		152.5729744
					29.36	100389.78		-3.4		152.1649239
					29.38	100393.23		-3.4		151.892641
					29.4	100401		-3.4		151.2794534
					29.42	100404.48		-3.4		151.0048395
					29.44	100401		-3.4		151.2794534
					29.47	100398.44		-3.4		151.4814755
					29.49	100407.07		-3.4		150.8004646
					29.51	100409.66		-3.4		150.596096
					29.53	100413.97		-3.4		150.2560216
					29.55	100417.42		-3.4		149.9838168
					29.57	100427.77		-3.4		149.1672692
					29.59	100432.95		-3.4		148.7586385
					29.61	100428.63		-3.4		149.0994253
					29.64	100431.24		-3.4		148.8935312
					29.66	100438.15		-3.4		148.3484553
					29.68	100438.98		-3.4		148.2829861
					29.7	100456.25		-3.4		146.9208995
					29.73	100454.52		-3.4		147.0573322
					29.75	100455.38		-3.4		146.9895098
					29.77	100460.55		-3.4		146.5818014
					29.79	100462.28		-3.4		146.4453784
					29.81	100470.05		-3.4		145.8326924
					29.83	100480.39		-3.4		145.0174423
					29.85	100482.13		-3.4		144.880263
					29.87	100473.5		-3.4		145.5606685
					29.9	100479.56		-3.4		145.0828794
					29.92	100487.3		-3.4		144.4726838
					29.94	100487.3		-3.4		144.4726838
					29.96	100491.61		-3.4		144.1329221
					29.98	100497.66		-3.4		143.6560237
					30	100501.1		-3.4		143.3848769
					30.02	100498.52		-3.4		143.5882359
					30.04	100511.45		-3.4		142.5691383
					30.07	100511.45		-3.4		142.5691383
					30.09	100523.54		-3.4		141.6163878
					30.11	100511.45		-3.4		142.5691383
					30.13	100508.03		-3.4		142.8386757
					30.15	100511.45		-3.4		142.5691383
					30.17	100519.2		-3.4		141.9583851
					30.2	100527.84		-3.4		141.2775598
					30.22	100533.89		-3.4		140.800866
					30.24	100538.19		-3.4		140.4620796
					30.26	100551.13		-3.4		139.4426728
					30.28	100546.83		-3.4		139.7814073
					30.31	100553.73		-3.4		139.2378649
					30.33	100561.48		-3.4		138.6274173
					30.35	100552.84		-3.4		139.3079715
					30.37	100555.44		-3.4		139.1031678
					30.39	100561.48		-3.4		138.6274173
					30.41	100564.95		-3.4		138.3541125
					30.43	100577.01		-3.4		137.4043276
					30.45	100561.48		-3.4		138.6274173
					30.47	100582.19		-3.4		136.9964185
					30.5	100575.3		-3.4		137.5389903
					30.52	100576.14		-3.4		137.4728399
					30.54	100587.36		-3.4		136.5893218
					30.56	100589.97		-3.4		136.3838143
					30.58	100596.02		-3.4		135.9074709
					30.6	100593.42		-3.4		136.1121763
					30.62	100606.37		-3.4		135.0926484
					30.64	100605.5		-3.4		135.1611369
					30.66	100608.95		-3.4		134.8895488
					30.68	100617.57		-3.4		134.2110205
					30.71	100618.44		-3.4		134.1425418
					30.73	100615.88		-3.4		134.3440444
					30.75	100619.33		-3.4		134.0724896
					30.78	100620.16		-3.4		134.0071607
					30.8	100626.22		-3.4		133.5302003
					30.82	100630.52		-3.4		133.1917838
					30.84	100636.58		-3.4		132.7148819
					30.86	100649.52		-3.4		131.6966612
					30.88	100649.52		-3.4		131.6966612
					30.9	100649.5		-3.4		131.6982348
					30.92	100656.4		-3.4		131.1553522
					30.95	100658.16		-3.4		131.0168849
					30.97	100657.27		-3.4		131.086905
					30.99	100652.98		-3.4		131.4244276
					31.01	100662.45		-3.4		130.6793829
					31.03	100672.81		-3.4		129.8644138
					31.05	100667.64		-3.4		130.2710992
					31.07	100672.81		-3.4		129.8644138
					31.09	100671.11		-3.4		129.9981374
					31.12	100685.76		-3.4		128.8458427
					31.14	100692.63		-3.4		128.305552
					31.16	100697.81		-3.4		127.8982003
					31.18	100702.16		-3.4		127.5561385
					31.21	100706.46		-3.4		127.2180257
					31.23	100701.28		-3.4		127.6253358
					31.25	100704.74		-3.4		127.3532688
					31.27	100707.33		-3.4		127.149619
					31.29	100721.11		-3.4		126.0662124
					31.32	100723.7		-3.4		125.862602
					31.34	100728.88		-3.4		125.4553998
					31.36	100722.86		-3.4		125.9286371
					31.38	100736.64		-3.4		124.8454293
					31.4	100740.09		-3.4		124.5742619
					31.42	100732.33		-3.4		125.1842076
					31.44	100751.31		-3.4		123.6924549
					31.46	100734.05		-3.4		125.0490086
					31.49	100745.27		-3.4		124.1671386
					31.51	100759.94		-3.4		123.0142818
					31.53	100746.14		-3.4		124.0987632
					31.55	100751.31		-3.4		123.6924549
					31.57	100760.8		-3.4		122.946704
					31.59	100772.88		-3.4		121.9975445
					31.61	100765.98		-3.4		122.5396803
					31.63	100782.38		-3.4		121.251198
					31.65	100777.2		-3.4		121.6581429
					31.67	100786.69		-3.4		120.91262
					31.7	100785.81		-3.4		120.9817482
					31.72	100787.57		-3.4		120.8434925
					31.74	100794.47		-3.4		120.3014949
					31.76	100799.64		-3.4		119.8954184
					31.79	100815.17		-3.4		118.6757672
					31.81	100809.13		-3.4		119.1500931
					31.83	100815.17		-3.4		118.6757672
					31.85	100820.34		-3.4		118.26979
					31.87	100813.47		-3.4		118.8092661
					31.89	100819.48		-3.4		118.3373202
					31.91	100831.59		-3.4		117.3864628
					31.93	100822.94		-3.4		118.0656328
					31.95	100826.41		-3.4		117.7931713
					31.98	100839.35		-3.4		116.7772317
					32	100830.72		-3.4		117.4547693
					32.02	100844.53		-3.4		116.3705854
					32.04	100837.61		-3.4		116.9138328
					32.06	100847.97		-3.4		116.1005482
					32.08	100847.97		-3.4		116.1005482
					32.1	100855.73		-3.4		115.4914349
					32.12	100865.25		-3.4		114.7442484
					32.14	100857.48		-3.4		115.3540782
					32.17	100861.79		-3.4		115.0158002
					32.19	100869.55		-3.4		114.4067862
					32.21	100878.19		-3.4		113.7287744
					32.24	100876.44		-3.4		113.8660976
					32.26	100880.78		-3.4		113.5255413
					32.28	100895.42		-3.4		112.3768808
					32.3	100892.84		-3.4		112.5792943
					32.32	100883.37		-3.4		113.3223144
					32.34	100891.12		-3.4		112.71424
					32.36	100917		-3.4		110.6840668
					32.38	100905.78		-3.4		111.5641508
					32.4	100902.31		-3.4		111.8363572
					32.42	100917.84		-3.4		110.6181828
					32.45	100917		-3.4		110.6840668
					32.47	100920.42		-3.4		110.415829
					32.49	100922.18		-3.4		110.2777927
					32.51	100923.02		-3.4		110.2119128
					32.53	100933.38		-3.4		109.3994473
					32.55	100942.89		-3.4		108.653729
					32.57	100937.71		-3.4		109.0599038
					32.59	100948.06		-3.4		108.248363
					32.61	100951.49		-3.4		107.9794395
					32.63	100958.42		-3.4		107.4361373
					32.66	100957.55		-3.4		107.5043417
					32.68	100961.86		-3.4		107.1664627
					32.71	100952.38		-3.4		107.9096623
					32.73	100973.95		-3.4		106.2187686
					32.75	100968.78		-3.4		106.6240109
					32.77	100971.38		-3.4		106.4202109
					32.79	100978.27		-3.4		105.8801712
					32.81	100980.85		-3.4		105.6779616
					32.83	100994.67		-3.4		104.5949121
					32.85	100997.27		-3.4		104.3911744
					32.87	100996.39		-3.4		104.4601311
					32.9	101010.2		-3.4		103.3780634
					32.92	101011.92		-3.4		103.243307
					32.94	101004.16		-3.4		103.8512994
					32.96	101013.64		-3.4		103.1085534
					32.98	101018.81		-3.4		102.7035253
					33	101021.41		-3.4		102.4998455
					33.02	101023.99		-3.4		102.2977386
					33.04	101028.33		-3.4		101.9577742
					33.06	101033.51		-3.4		101.552033
					33.08	101035.23		-3.4		101.4173135
					33.11	101034.34		-3.4		101.4870227
					33.13	101047.3		-3.4		100.4720047
					33.15	101045.58		-3.4		100.606705
					33.17	101053.34		-3.4		99.99900917
					33.19	101055.06		-3.4		99.86432123
					33.22	101058.52		-3.4		99.59338747
					33.24	101061.98		-3.4		99.32246475
					33.26	101062.83		-3.4		99.25591028
					33.28	101074.06		-3.4		98.37667083
					33.3	101067.16		-3.4		98.91688432
					33.32	101077.52		-3.4		98.10579768
					33.34	101084.41		-3.4		97.56643288
					33.37	101080.94		-3.4		97.83806687
					33.39	101084.41		-3.4		97.56643288
					33.41	101096.48		-3.4		96.6216714
					33.43	101101.66		-3.4		96.21625569
					33.45	101103.41		-3.4		96.07929652
					33.47	101110.3		-3.4		95.54009609
					33.49	101112.01		-3.4		95.40628099
					33.51	101117.19		-3.4		95.0009394
					33.53	101113.75		-3.4		95.27012102
					33.55	101124.11		-3.4		94.45947915
					33.58	101116.34		-3.4		95.06745128
					33.6	101125.83		-3.4		94.32490339
					33.62	101132.71		-3.4		93.78662758
					33.64	101130.99		-3.4		93.92119245
					33.66	101139.64		-3.4		93.24448395
					33.68	101140.48		-3.4		93.17877257
					33.71	101144.81		-3.4		92.84005638
					33.73	101144.81		-3.4		92.84005638
					33.75	101153.42		-3.4		92.16658655
					33.77	101155.17		-3.4		92.02971078
					33.79	101165.52		-3.4		91.220246
					33.81	101159.47		-3.4		91.69339943
					33.83	101168.11		-3.4		91.0176997
					33.85	101175.87		-3.4		90.41087977
					33.88	101180.17		-3.4		90.07465032
					33.9	101173.28		-3.4		90.61340758
					33.92	101175.88		-3.4		90.41009782
					33.94	101184.48		-3.4		89.737656
					33.96	101191.41		-3.4		89.19584248
					33.98	101188.81		-3.4		89.3991151
					34	101187.94		-3.4		89.46713464
					34.02	101193.99		-3.4		88.99413964
					34.04	101200.88		-3.4		88.4555136
					34.07	101219.88		-3.4		86.97041391
					34.09	101202.6		-3.4		88.32105934
					34.11	101211.24		-3.4		87.64570232
					34.13	101211.23		-3.4		87.64648394
					34.15	101211.23		-3.4		87.64648394
					34.17	101215.55		-3.4		87.30883112
					34.2	101228.48		-3.4		86.29831997
					34.22	101225.89		-3.4		86.50072251
					34.24	101230.23		-3.4		86.16156499
					34.26	101226.77		-3.4		86.43195184
					34.28	101239.71		-3.4		85.42079263
					34.3	101238.84		-3.4		85.48877146
					34.33	101234.53		-3.4		85.82555042
					34.35	101255.24		-3.4		84.20744836
					34.37	101259.55		-3.4		83.87075139
					34.39	101260.42		-3.4		83.8027891
					34.41	101267.31		-3.4		83.26458359
					34.43	101270.77		-3.4		82.99432557
					34.45	101265.59		-3.4		83.3989356
					34.47	101266.47		-3.4		83.33019703
					34.49	101271.64		-3.4		82.92637224
					34.51	101278.54		-3.4		82.3874567
					34.54	101284.59		-3.4		81.91496526
					34.56	101275.08		-3.4		82.65769005
					34.58	101291.48		-3.4		81.3769126
					34.6	101296.66		-3.4		80.97242565
					34.62	101301.83		-3.4		80.56874411
					34.64	101289.77		-3.4		81.51044556
					34.66	101297.53		-3.4		80.904493
					34.68	101309.59		-3.4		79.96287742
					34.71	101318.23		-3.4		79.28836917
					34.73	101316.48		-3.4		79.42498279
					34.75	101314.77		-3.4		79.55847652
					34.78	101322.54		-3.4		78.95192132
					34.8	101336.36		-3.4		77.87321733
					34.82	101332.02		-3.4		78.21195211
					34.84	101347.55		-3.4		76.9999232
					34.86	101337.2		-3.4		77.80765775
					34.88	101345.84		-3.4		77.13336822
					34.9	101353.6		-3.4		76.52781465
					34.92	101347.55		-3.4		76.9999232
					34.94	101360.49		-3.4		75.99019799
					34.97	101356.19		-3.4		76.32571562
					34.99	101358.78		-3.4		76.12362274
					35.01	101372.59		-3.4		75.0461579
					35.03	101366.55		-3.4		75.51738098
					35.05	101371.72		-3.4		75.11403068
					35.07	101382.08		-3.4		74.30584342
					35.09	101384.66		-3.4		74.104592
					35.11	101395.02		-3.4		73.29652751
					35.13	101392.42		-3.4		73.49931438
					35.16	101394.14		-3.4		73.36516237
					35.18	101400.19		-3.4		72.893312
					35.2	101399.31		-3.4		72.9619427
					35.23	101408.83		-3.4		72.21952097
					35.25	101414.01		-3.4		71.81559105
					35.27	101429.53		-3.4		70.60550786
					35.29	101423.48		-3.4		71.07719578
					35.31	101422.61		-3.4		71.14502804
					35.33	101435.55		-3.4		70.13619213
					35.35	101437.3		-3.4		69.99976936
					35.37	101444.19		-3.4		69.46268064
					35.4	101445.91		-3.4		69.32861011
					35.42	101441.61		-3.4		69.6637915
					35.44	101450.25		-3.4		68.9903279
					35.46	101450.25		-3.4		68.9903279
					35.48	101462.31		-3.4		68.05039908
					35.5	101460.59		-3.4		68.18444382
					35.52	101458.84		-3.4		68.32082932
					35.54	101465.77		-3.4		67.78075915
					35.56	101469.2		-3.4		67.51346793
					35.58	101482.14		-3.4		66.50518329
					35.61	101473.53		-3.4		67.17605735
					35.63	101483.02		-3.4		66.43661926
					35.65	101482.14		-3.4		66.50518329
					35.67	101489.06		-3.4		65.96603977
					35.7	101495.95		-3.4		65.42927705
					35.72	101498.55		-3.4		65.22673635
					35.74	101493.37		-3.4		65.63026585
					35.76	101508.9		-3.4		64.42052977
					35.78	101499.42		-3.4		65.15896449
					35.8	101506.31		-3.4		64.62226697
					35.83	101513.2		-3.4		64.08561281
					35.85	101514.08		-3.4		64.01707375
					35.87	101526.14		-3.4		63.07784828
					35.89	101531.33		-3.4		62.67369511
					35.91	101520.97		-3.4		63.48046848
					35.93	101533.91		-3.4		62.47279574
					35.95	101537.38		-3.4		62.20260347
					35.97	101542.55		-3.4		61.80006072
					35.99	101540.83		-3.4		61.93397939
					36.02	101553.77		-3.4		60.92654121
					36.04	101551.19		-3.4		61.12739382
					36.06	101557.2		-3.4		60.65952564
					36.08	101555.48		-3.4		60.79342132
					36.1	101568.43		-3.4		59.78537775
					36.12	101563.25		-3.4		60.18857682
					36.14	101560.66		-3.4		60.39018554
					36.16	101566.71		-3.4		59.91925581
					36.19	101574.48		-3.4		59.31449091
					36.21	101584.83		-3.4		58.50900155
					36.23	101586.55		-3.4		58.37515191
					36.26	101583.08		-3.4		58.64518854
					36.28	101595.19		-3.4		57.70283176
					36.3	101596.9		-3.4		57.56977646
					36.32	101599.48		-3.4		57.36903141
					36.34	101597.77		-3.4		57.50208268
					36.36	101608.96		-3.4		56.63146215
					36.38	101610.7		-3.4		56.49609441
					36.4	101614.14		-3.4		56.22847896
					36.42	101614.14		-3.4		56.22847896
					36.45	101618.47		-3.4		55.89164111
					36.47	101624.49		-3.4		55.42336375
					36.49	101615.02		-3.4		56.16002092
					36.51	101623.66		-3.4		55.48792495
					36.53	101628.83		-3.4		55.08578893
					36.55	101632.26		-3.4		54.81900806
					36.57	101634.84		-3.4		54.61834613
					36.6	101634.84		-3.4		54.61834613
					36.62	101645.2		-3.4		53.81264843
					36.64	101650.38		-3.4		53.40983623
					36.66	101653.84		-3.4		53.14078996
					36.68	101658.13		-3.4		52.80721881
					36.71	101659.02		-3.4		52.73801851
					36.73	101669.37		-3.4		51.93332632
					36.75	101669.37		-3.4		51.93332632
					36.77	101674.55		-3.4		51.53062809
					36.79	101678		-3.4		51.26243529
					36.81	101684.89		-3.4		50.72685947
					36.83	101684.89		-3.4		50.72685947
					36.86	101691.79		-3.4		50.19054961
					36.88	101692.67		-3.4		50.12215379
					36.9	101686.61		-3.4		50.59316658
					36.92	101695.25		-3.4		49.92163373
					36.94	101702.14		-3.4		49.38616603
					36.96	101713.37		-3.4		48.51350062
					36.98	101705.6		-3.4		49.11728272
					37.01	101717.67		-3.4		48.17938483
					37.03	101721.13		-3.4		47.91055038
					37.05	101726.3		-3.4		47.50887294
					37.07	101735.78		-3.4		46.77239792
					37.09	101736.66		-3.4		46.7040373
					37.11	101740.12		-3.4		46.43526257
					37.13	101738.38		-3.4		46.57042538
					37.15	101743.54		-3.4		46.16960575
					37.17	101740.96		-3.4		46.37001254
					37.2	101752.18		-3.4		45.49852009
					37.22	101750.47		-3.4		45.63133374
					37.24	101753.05		-3.4		45.43094925
					37.27	101759.07		-3.4		44.96340894
					37.29	101759.94		-3.4		44.89584355
					37.31	101760.8		-3.4		44.82905544
					37.33	101774.6		-3.4		43.75743121
					37.35	101772.02		-3.4		43.9577652
					37.37	101774.6		-3.4		43.75743121
					37.4	101778.05		-3.4		43.48955217
					37.42	101782.35		-3.4		43.15568908
					37.44	101780.64		-3.4		43.28845588
					37.46	101776.33		-3.4		43.62310211
					37.48	101798.77		-3.4		41.88095237
					37.5	101794.45		-3.4		42.21630396
					37.52	101796.16		-3.4		42.0835586
					37.54	101794.45		-3.4		42.21630396
					37.56	101791.86		-3.4		42.41736778
					37.59	101798.75		-3.4		41.88250489
					37.61	101803.05		-3.4		41.5487226
					37.63	101810.81		-3.4		40.94640446
					37.65	101818.58		-3.4		40.34336489
					37.67	101815.99		-3.4		40.544372
					37.7	101820.32		-3.4		40.20832879
					37.72	101815.14		-3.4		40.61034091
					37.74	101828.09		-3.4		39.60535625
					37.76	101834.11		-3.4		39.13822599
					37.78	101841.88		-3.4		38.53535063
					37.81	101851.38		-3.4		37.79831872
					37.83	101857.41		-3.4		37.33053986
					37.85	101846.2		-3.4		38.20018492
					37.87	101860.86		-1.6		37.31023514
					37.89	101866.03		-1.6		36.90653747
					37.91	101851.38		-3.4		37.79831872
					37.93	101866.03		-1.6		36.90653747
					37.95	101871.2		-1.6		36.50286418
					37.97	101872.92		-1.6		36.36857209
					38	101878.09		-1.6		35.96493129
					38.02	101879.84		-1.6		35.82830792
					38.04	101879.84		-1.6		35.82830792
					38.06	101897.09		-1.6		34.48174126
					38.08	101903.13		-1.6		34.01031191
					38.1	101892.78		-1.6		34.81816234
					38.12	101900.55		-1.6		34.21167998
					38.15	101897.95		-1.6		34.41461518
					38.17	101905.72		-1.6		33.80816944
					38.19	101901.38		-1.6		34.14689812
					38.22	101914.31		-1.6		33.13778705
					38.24	101924.67		-1.6		32.32935943
					38.26	101924.67		-1.6		32.32935943
					38.28	101924.67		-1.6		32.32935943
					38.3	101925.53		-1.6		32.26225498
					38.32	101931.59		-1.6		31.78942173
					38.34	101937.61		-1.6		31.31974261
					38.37	101929		-1.6		31.99150313
					38.39	101950.55		-1.6		30.31027832
					38.41	101958.3		-1.6		29.70576492
					38.43	101949.69		-1.6		30.37736318
					38.45	101952.28		-1.6		30.17533059
					38.47	101973.83		-1.6		28.49456265
					38.49	101967.8		-1.6		28.9648231
					38.51	101980.75		-1.6		27.95493472
					38.53	101975.57		-1.6		28.35887175
					38.56	101981.58		-1.6		27.89021349
					38.58	101981.58		-1.6		27.89021349
					38.6	101987.63		-1.6		27.41846924
					38.62	101994.52		-1.6		26.88126718
					38.64	101991.93		-1.6		27.08320019